data_1,data_2,data_3
0.4967141530112327,-1.330069670963721,0.2472682368674306
-0.13826430117118466,-1.581728638662399,0.03741256583819583
0.6476885381006925,0.5457209981745468,0.11431801916276622
1.5230298564080254,0.8259029059476046,0.41379064340503086
-0.23415337472333597,-1.8736554206974319,1.6224506094256461
-0.23413695694918055,1.7448489849747593,0.8487457425913127
1.5792128155073915,-1.7921148653941104,0.7188091009880626
0.7674347291529088,0.16518534120428185,0.3474162570366474
-0.4694743859349521,0.8362420778036657,2.684632343586216
0.5425600435859647,1.4838764949843424,0.5058630265746683
-0.46341769281246226,0.8563477285297112,0.09112101011657558
-0.46572975357025687,1.2069123322791673,0.959893976209954
0.24196227156603412,-0.6421992298287758,0.12085594487066291
-1.913280244657798,1.259300454986049,0.4234607774232656
-1.7249178325130328,-1.6795406144612994,0.7080820297197461
-0.5622875292409727,1.5792666242421105,2.0732410022989165
-1.0128311203344238,0.19036950461494495,0.680322924655953
0.3142473325952739,1.2691910798499748,1.2115305120925102
-0.9080240755212109,-0.19072686192679944,4.93601574197811
-1.4123037013352915,0.5743107807860999,0.14097516591598155
1.465648768921554,0.10561064374445284,0.32121338304690167
-0.22577630048653566,0.9263580870213275,0.5018263648364749
0.06752820468792384,-1.6734800718776417,0.547884185521464
-1.4247481862134568,-1.7585916640377448,0.5293648774062828
-0.5443827245251827,-1.0115870639594142,2.3817473827119144
0.11092258970986608,-1.3618212795472466,1.2518776161694254
-1.1509935774223028,1.4871342663688067,0.9362516676317526
0.37569801834567196,-1.1231440505678227,0.3701549898293989
-0.600638689918805,1.9034610232765252,1.7360809938777113
-0.2916937497932768,-0.6524168329155726,3.102438393798156
-0.6017066122293969,-1.2715283372452029,1.7214778108650661
1.8522781845089378,1.1587940285699165,0.0015663312480417482
-0.013497224737933921,0.6348311020035045,1.0117046850671212
-1.0577109289559004,-0.007217134187444074,0.05248914749504456
0.822544912103189,0.22145420375052494,0.29787682322247566
-1.2208436499710222,0.8768071130890553,0.06136989358196631
0.2088635950047554,-1.086181034674805,0.925824668128792
-1.9596701238797756,1.9853356642269677,1.1602427654447605
-1.3281860488984305,1.8991726485871325,0.12158886145681301
0.19686123586912352,0.6013027453877475,0.48424679614936045
0.7384665799954104,-1.2018301962834195,0.6092408857707893
0.1713682811899705,0.7209129697251653,0.46053344811873936
-0.11564828238824053,-1.7112063640832966,0.1289988236641173
-0.3011036955892888,-1.8773899911767757,0.5429146641838808
-1.4785219903674274,-0.9692684459551453,1.391017689728074
-0.7198442083947086,-0.14950817304273478,0.07365479050723611
-0.4606387709597875,1.473090021633522,0.08357729556475979
1.0571222262189157,0.9086762790652321,0.43815043873643034
0.3436182895684614,0.9708260847999242,2.842594305527841
-1.763040155362734,-0.2980266622076986,1.1043466388409175
0.324083969394795,-0.6162600298121483,1.1352865116996829
-0.38508228041631654,-0.5158449480615892,0.4492915972898056
-0.6769220003059587,1.9505982549442313,0.9005669785734461
0.6116762888408679,-1.83956323435007,0.010182853752543086
1.030999522495951,1.4681259844897943,1.0108653099260425
0.9312801191161986,0.31470163428957365,2.4451508595398126
-0.8392175232226385,-0.24553832324163816,0.9482290438928432
-0.3092123758512146,0.901030641660546,2.0690841132375435
0.33126343140356396,-0.0533242343011886,1.2872567929071608
0.9755451271223592,1.4936929523266422,0.12846813702599705
-0.47917423784528995,1.602807456045034,2.327424115981774
-0.18565897666381712,-0.31311629250617834,0.0687541617901371
-1.1063349740060282,-0.8926888110597937,0.7634998458928469
-1.1962066240806708,0.3694013143734489,0.1533110102075156
0.812525822394198,1.6494533824667639,0.011775672614482025
1.356240028570823,-1.1573512439773337,0.5482406856437376
-0.07201012158033385,0.4918663342539311,0.34961521919037764
1.0035328978920242,0.5262408803700822,0.6655329742231592
0.36163602504763415,0.9324520896611239,0.8608557570924074
-0.6451197546051243,-1.4737292594909608,0.04472446625591256
0.36139560550841393,0.8632998587283542,0.13125204388468148
1.5380365664659692,1.636130082662564,0.8178998397282466
-0.03582603910995154,-1.2812675645190321,0.4203260161910579
1.5646436558140062,-1.0498267003044894,1.3062768385614583
-2.6197451040897444,1.8855803761665584,1.0563912212517101
0.8219025043752238,-1.276092189162041,1.8682368994973682
0.08704706823817122,1.4175403734783165,1.1792568641026975
-0.29900735046586746,-0.03088857420786084,0.5619980086040062
0.0917607765355023,-1.0110757023872918,1.117693041105615
-1.9875689146008928,1.4829996050900456,0.32210951998012927
-0.21967188783751193,-0.21877897998933804,0.3657351478809945
0.3571125715117464,0.059269415718760765,1.5558268158503172
1.477894044741516,-0.5630665224009372,0.5913481289156753
-0.5182702182736474,0.3718034057397097,1.6013722302693465
-0.8084936028931876,-1.345904509659909,1.7283474342218728
-0.5017570435845365,-0.43567385339295717,1.9488508322579454
0.9154021177020741,1.87764928934115,2.484529550993177
0.32875110965968446,-0.9674662691954898,0.5638488706998093
-0.5297602037670388,0.6269466581651688,0.3839974241431472
0.5132674331133561,-0.6992397431012205,0.8727494298500833
0.09707754934804039,1.0938925027464026,0.46389818297258995
0.9686449905328892,-1.4765053571266007,0.9189797610752634
-0.7020530938773524,1.8792841803141789,1.222767872369461
-0.3276621465977682,-0.184841834465443,1.1660510706740872
-0.39210815313215763,-1.0557981466141442,0.4692885042407799
-1.4635149481321186,-1.7060130106799494,0.18255382580481638
0.29612027706457605,-1.320968379649837,0.563048013597861
0.26105527217988933,0.07909579422407065,0.15384389498610052
0.00511345664246089,-0.6519872942748548,2.2081574405370668
-0.23458713337514692,1.3155334635304379,0.42446057617394006
-1.4153707420504142,-0.27644990535277625,0.1677795035251999
-0.42064532276535904,-1.0051429096494804,0.02577715439667666
-0.3427145165267695,0.4685799464161202,1.0379567580206073
-0.8022772692216189,0.8271088675417833,1.01308338299682
-0.16128571166600914,-1.3318323683962006,0.4164312671107416
0.4040508568145384,-1.3295231348467293,0.07441312977627453
1.8861859012105302,-1.8533142922658281,0.5270039481117462
0.17457781283183896,0.9456080602625621,0.3728297255282833
0.25755039072276437,0.6552181104872203,1.1304765231587015
-0.07444591576616721,-0.10147649700074446,0.9308442460058356
-1.9187712152990415,1.3766817958767885,0.45349068655889174
-0.026513875449216878,1.2226806118002127,0.24576314922424827
0.06023020994102644,0.3414174575870086,4.42585030936453
2.463242112485286,1.4730851220530345,0.6051392724652938
-0.19236096478112252,-1.176635159852927,1.1656314385193247
0.30154734233361247,-1.5523215224090885,0.15146608209468254
-0.03471176970524331,-0.9210015539320415,0.6647340822689206
-1.168678037619532,-1.7716525756427406,0.027922962422925312
1.1428228145150205,0.12467811200412804,0.704117369470702
0.7519330326867741,1.746422769179846,3.3247199885121486
0.7910319470430469,-1.8426258373259614,0.48484394479474197
-0.9093874547947389,-1.5115603439598928,0.039776720774783135
1.4027943109360992,-0.1912038868662589,0.031445044725836535
-1.4018510627922809,1.7355000701116197,0.4910013626300815
0.5868570938002703,-0.735375580092998,0.17438307385113086
2.1904556258099785,0.028939234753569743,0.023629077081200562
-0.9905363251306883,-1.8337085637984316,1.4114629041429105
-0.5662977296027719,-1.4066271961516446,0.6134547044538153
0.09965136508764122,1.9465204918353876,0.3414271728293356
-0.5034756541161992,1.8604747857441821,2.3034172693215433
-1.5506634310661327,-1.9802400762623615,0.12345542349786531
0.06856297480602733,1.8072471416929559,3.1217225481409745
-1.0623037137261049,0.5564797512620014,0.37682913549052627
0.4735924306351816,1.4716731780800885,2.192867135568108
-0.9194242342338032,-0.1810405774645636,0.9236751206847723
1.5499344050175394,0.06238411431700097,1.752773551376384
-0.7832532923362371,-0.04461367897231927,4.135989596000282
-0.3220615162056756,0.6674570301844174,0.34024696489861167
0.8135172173696698,-1.4413949809747484,3.247673665959655
-1.2308643164339552,-1.8801056405092882,0.49344732969162186
0.22745993460412942,-0.7682802336352363,0.4869657232099602
1.307142754282428,0.8187230509465868,0.4161021376304796
-1.6074832345612275,-1.1925861915082066,0.7795934968938802
0.1846338585323042,0.6937297332996692,0.1674073799118866
0.25988279424842353,1.8796481844290818,0.8067896422915674
0.7818228717773104,-1.6243971368423265,0.7802417880895127
-1.236950710878082,0.6904084729005051,1.4350721383064957
-1.3204566130842763,-0.2249991227817154,1.7936610477084534
0.5219415656168976,1.4725690175100214,0.5806069315450655
0.29698467323318606,-1.2914008422104564,0.36001372482894667
0.25049285034587654,0.7705038089046581,0.3002067090421373
0.3464482094969757,1.3524611585924409,0.2164458271101219
-0.6800247215784908,1.778456877896093,0.05937595780838081
0.23225369716100355,0.7329921131585833,0.41923139841698975
0.29307247329868125,-0.011300943966290777,0.315050106705169
-0.7143514180263678,0.4713889608048554,3.3937467824296608
1.8657745111447566,1.475619937914873,0.8157868496541154
0.4738329209117875,0.28243898655531874,0.42660249551710083
-1.1913034972026486,-1.8784517612126526,0.8686145236225726
0.6565536086338297,1.7237947820279111,0.14988925750214477
-0.9746816702273214,0.7581070041262445,0.587065673442903
0.787084603742452,0.706053543108986,0.9841262057820113
1.158595579007404,-1.1372993904091313,0.6711857709794751
-0.8206823183517105,0.6355418809306288,0.513794694855752
0.9633761292443218,-0.4245423773833661,5.0910412639424605
0.4127809269364983,0.6049319081659683,2.1228900002467967
0.82206015999449,-1.5736278787680371,0.9765874838068078
1.8967929826539474,0.6313812184121441,0.8425231203811369
-0.2453881160028705,1.9976549030826662,0.9693236433199542
-0.7537361643574896,-1.8071518445577759,0.22478503258578506
-0.8895144296255233,1.9086967368852692,0.5027545216901969
-0.8158102849654383,-0.37236815710851756,0.04025916636576021
-0.0771017094141042,1.4830138013490366,0.6453976290435796
0.3411519748166439,1.1295419362330938,0.7831256837529745
0.27669079933001905,0.2680650439466712,0.2584466054589457
0.8271832490360238,0.953796837005306,3.3250379718997767
0.01300189187790702,1.5140622452053916,2.401904017398643
1.4535340771573169,-0.3834387133958681,1.280649533523795
-0.2646568332379561,-0.6918673537470452,0.7622542630659325
2.720169166589619,0.6703735422543389,2.0399836231826205
0.6256673477650062,1.2313837677650343,0.14001216907623093
-0.8571575564162826,1.049140539106463,1.5630782914282348
-1.0708924980611123,1.191254595434538,0.13332662955202385
0.4824724152431853,-0.257666740748268,1.5809022671741686
-0.2234627853258509,1.2713368647000864,0.32264289979134264
0.714000494092092,-1.5191637785175662,2.096307625950449
0.47323762457354485,0.17795639184339818,2.8831555463501637
-0.07282891265687277,-1.9769653580075137,0.16110342521460957
-0.846793718068405,-0.7016566803989188,0.6211532794591166
-1.5148472246858646,-0.5341538605144085,3.962652213142971
-0.4465149520670211,-0.41530923356297844,0.6605007924873811
0.8563987943234723,0.7818688267594487,1.9917788752652126
0.21409374413020396,-0.44576759491861706,0.8885090469242499
-1.245738778711988,-0.2052255095098774,0.4705316212803642
0.173180925851182,-1.0498234765026901,0.3365692190600759
0.3853173797288368,-0.5069928334826397,0.22718055290838637
-0.883857436201133,-1.090921490947394,1.4346370292169555
0.1537251059455279,-1.7072163049262254,0.4886410428023759
0.058208718445999896,0.4137943735255116,0.7159562656140621
-1.142970297830623,0.672851194220065,0.6779147454089091
0.3577873603482833,0.477961384038458,0.8610429611735501
0.5607845263682344,-0.1460238247977106,2.006764817913147
1.083051243175277,-0.48085687928308074,3.9496907913356827
1.053802052034903,1.453334598287301,0.5235465402486669
-1.377669367957091,0.07632714054487222,1.7574677418973532
-0.9378250399151228,-0.08327248948107613,1.4461623965025863
0.5150352672086598,-1.8974317367742572,0.8522107958446627
0.5137859509122088,-0.6350086894953746,3.124637665197935
0.5150476863060479,-0.47921752485657176,0.22373687170445014
3.852731490654721,-0.40470887641239806,0.11570742781976451
0.570890510693167,0.32068947690932914,1.923888190892786
1.135565640180599,0.13441018690751383,0.5783014619474764
0.9540017634932023,0.4316203711737785,1.8771138110325931
0.651391251305798,1.059533046168513,2.235769839287117
-0.3152692446403456,1.251942954864374,0.0644932886875834
0.7589692204932674,0.8724923049059776,2.149561588070323
-0.7728252145375718,1.8220947838197388,0.5947853986684247
-0.23681860674000887,-1.9270696692945535,0.7142329082461057
-0.48536354782910346,-1.2168880572658156,0.9850849920853021
0.08187413938632256,-1.9697485000874315,2.6088739595647756
2.3146585666735087,0.589898856618412,0.019301169365585843
-1.867265192591748,1.5921221957999476,0.6478745639378233
0.6862601903745135,-1.026070813694803,1.1638615981336584
-1.6127158711896517,1.7081381791852266,1.2826804175451045
-0.47193186578943347,-1.7589304388417566,1.179385665711108
1.088950596967366,1.7377441072220572,0.14437295559530933
0.06428001909546277,-0.5935092510414623,0.35581187130977404
-1.0777447779293061,-1.594316686203134,0.4442821224093347
-0.7153037092599682,-0.05651296325469746,1.6318737627865214
0.6795977489346758,-0.9728937291179682,0.326783149176632
-0.7303666317171367,-0.8605083921523087,0.23661509123624855
0.21645858958197486,-0.7708401402948537,3.1570288689500083
0.045571839903813784,1.2121035913306537,0.008902797672285237
-0.6516003476058171,0.15664510670101794,6.128822993904087
2.1439440893253257,-0.7547692033759854,1.1295498544367533
0.6339190223180112,0.44133513324367346,1.76299301643837
-2.025142586657607,0.8646026968927742,0.3490177585049206
0.18645431476942764,-0.9095039970658649,0.014418729738011522
-0.661786464768388,-0.34580359389859394,1.3389128784347004
0.852433334796224,-1.5124556266522098,1.7966389364934008
-0.7925207384327007,-1.2754026018612787,1.348906603548094
-0.11473644146689901,0.7244714158599312,0.1541426817102217
0.5049872789804571,-1.2742466092174922,1.400100923604254
0.8657551941701215,0.10065353466824067,1.4650033477280164
-1.2002964070557762,0.8361850468897307,1.074526247331881
-0.3345012358409484,-1.5724923076210247,1.4529297256924132
-0.4749453111609562,0.2692488785156142,1.870292674678805
-0.6533292325737119,-0.973748865194545,0.9508928243129304
1.7654542402810969,1.8517075009503192,0.09277857239491574
0.40498171096095553,-0.0658174131203011,0.6687039837876222
-1.2608839543350452,1.2239701991006324,0.08082979657432533
0.9178619470547761,0.20090616862504707,0.5234770348253353
2.1221561970126332,-1.8263498685807233,0.5227404730506311
1.0324652605511468,0.5326055023760894,0.06828938057355076
-1.5193699659540134,1.805613368826628,0.4289699972993807
-0.48423407286625136,0.40644728058532476,0.11765590487807251
1.2669111491866227,1.2767554377071608,1.6514857100754803
-0.7076694656187807,1.5368258533936312,2.9505299850619986
0.44381942814622843,-1.08768091220427,0.07506463373245577
0.7746340534293368,-1.1518206403670934,3.1036562340686857
-0.926930471578083,0.4439239554039669,0.7393515493887611
-0.05952535606180008,-0.35588612077318116,0.35605467627860204
-3.2412673400690726,1.3594452114668814,0.07997662473957208
-1.0243876413342898,1.6000924935920446,0.6943964967713936
-0.2525681513931603,-0.5863144827891276,1.5823848901976179
-1.2477831819648495,-1.0525177641020718,1.2278778577836498
1.6324113039316352,1.1221020609754473,0.05153122949604646
-1.4301413779606327,-0.9007758578074556,0.07569582405825248
-0.44004448669698376,1.2904572740547136,0.5156259312160877
0.13074057728609134,-0.3050469854049487,0.349969609380049
1.4412732890661155,0.6701995971658818,0.2644660917325595
-1.4358621511794394,-1.6178587446613273,0.3299001784555116
1.1631637521549596,0.49543729870629205,1.627005031156716
0.010233061019587049,-0.19292928505108353,2.648292594543428
-0.9815086510479509,0.3464338527018964,0.5193664841775336
0.46210347426327075,-1.3279431690205463,2.3656420682428903
0.19905969557347003,0.9474949797767285,0.38786446405724956
-0.6002168771587947,1.4511883101729142,0.6470978859895242
0.06980208499001891,-1.1330407996368974,0.2562208709727886
-0.3853135968617602,-1.617141777919353,1.0229744619715446
0.11351734525124804,-1.9054456558146544,3.8623339679763222
0.6621306745210467,0.567886001773064,0.925061825810096
1.586016816145352,0.42837614435512306,0.44287742860668416
-1.237815498826849,0.18678965085628008,1.0436056184754838
2.1330333746562666,-1.0722116155360983,0.13115784425231067
-1.9520877995225019,-0.4363760163779413,2.1951584356663063
-0.15178509503558332,0.3779053407446922,0.6993341822032346
0.5883172064845765,-0.01293256456332248,0.5966554119061018
0.28099186773503265,1.9511420808595492,0.8815627605399604
-0.6226995198205938,-1.4542409897730675,0.980253053151827
-0.20812225035727522,0.7805782161903752,0.07448198725566497
-0.4930009346588328,-0.3827249275828315,1.14764672952438
-0.5893647569442115,-0.28720154029754097,0.27698176589151047
0.8496020970210246,0.8703910626327049,1.2515978612695335
0.35701548596504734,0.7697446052974786,1.728980713981719
-0.6929095952606542,1.9650239748087532,1.6294289459954794
0.8995998754332507,-1.486422842183499,0.8040809030749025
0.30729952087660933,-1.5835614024633347,0.7343231800466302
0.8128621188389601,0.8973552685149646,0.1541726349642509
0.6296288419236122,0.3135476680256364,1.4931945076374282
-0.8289950109220723,-0.9033573337607765,0.3166432691086065
-0.5601810401969696,-1.6823225240440536,0.6865597708997226
0.7472936051232618,-1.6573670016142779,0.3344579966637421
0.6103702654334648,1.5767634986564731,0.14367219490729619
-0.020901593964148132,-1.2325307011250284,0.9930575734759224
0.117327383308782,-0.706513751537917,0.05586375972591637
1.277664895788425,-1.093374391092048,1.3808899279180804
-0.5915713888358299,-0.5800147766722508,0.38211993255389654
0.5470973811700379,-1.7223046290156265,0.0001347020764026737
-0.20219265243389406,0.07623916363308147,0.7156569128044452
-0.2176812032272203,-1.7295497456311404,0.04798499236125218
1.09877685198719,1.2014260312894463,0.3231981099097797
0.8254163489880298,-1.065151672358268,1.2275024255933231
0.8135096360006385,0.16004765841804236,0.06474080465882678
1.305478807154329,1.520316350245833,1.8284555642147864
0.02100384163275905,0.6035094761887767,0.003827237196396057
0.6819529712949639,0.1318311462053412,0.2834561730914955
-0.31026675659345604,-0.7026649875384976,1.3505568463111042
0.3241663524884421,-0.6679923477672083,0.3801923951197497
-0.13014305436768459,0.6779478207927605,0.10746538274379351
0.09699596499271819,1.9765574448846701,0.446652667564808
0.5951570254369136,0.6473567593975145,0.31524963848875603
-0.8182206832334725,0.2311336694800996,1.8496761371370292
2.0923872756854602,0.9226020409569844,0.37592754529383976
-1.006017381499702,-0.1391775508651274,1.5555771577313506
-1.2141886127877322,-1.7594306295968591,2.2244409077040284
1.1581108735000678,0.24918726351163922,0.5688386725432963
0.7916626939629359,1.8305011380215208,2.4073140731611966
0.6241198170521551,-1.2987882305693614,0.47371941055951605
0.6283455092642799,0.760019563282663,3.326416952168716
-0.012246772846914623,-1.196265245363774,0.09353024181236151
-0.8972543714858315,0.14331073789232507,1.1616136446599883
0.07580455819372633,-1.6132942014131215,0.6808511682311532
-0.6771617115121117,-0.19851625496725944,0.4904493137625131
0.9751197334177512,1.0246533155809843,1.0016086674053277
-0.14705738150213865,-0.6097139030440717,1.2169131426351243
-0.8254971967925115,0.6596468979488721,0.0043728164917464125
-0.32138584165299344,1.1817998431589167,0.182665322371209
0.41293145427562433,1.7087112779178106,1.2484335312686663
-0.5637245528039747,-1.0614316725781858,1.0977688851674723
-0.8222203955664315,-0.40273633676276743,3.3827929410405413
0.2436872114919123,-1.3903359466783303,1.4314498577567405
0.24496657110872277,1.9699340086335009,3.011307088376879
-0.5069431753711298,1.7080038716971813,1.2124772028770874
-0.4710383056183228,0.15982852112223833,0.35389624900326483
0.2320499373576363,1.368133177505685,0.1113393782120359
-1.4480843414973241,0.08383190908816873,1.5224525761144807
-1.4074637743765552,0.49434275201103883,1.033243797452025
-0.718444221252436,-1.6435022715359335,0.04938565445154199
-0.21344715171184725,1.0210816819872317,0.4463659587077571
0.3109075655980046,-1.4891460654590607,3.1419105125441145
1.475356216949552,1.3042705210101135,0.6939497939883504
0.8576596232020194,1.1281123506815436,0.566918375072549
-0.1599385299634271,0.8349787909719057,0.6119351970499989
-0.01901620790268883,-1.8553584779009515,0.2343090592525958
-1.0025293646378088,-0.7874865762186856,0.45998545255917017
-0.01851313599238993,-0.9475497203566285,0.4617390844520374
-0.2886586389201383,-0.5594543701139236,0.05377534073609781
0.3227185603380895,-1.6494290129446458,1.4591559716130498
-0.827230943552323,1.7478312921242511,0.5387184226637698
0.5193465142411723,0.21520896284950508,1.726982839782898
1.5327389130025777,-0.7779027573679058,1.8994426877388573
-0.1087601484568576,-0.4120739317028663,0.23824964435406248
0.40171172209894146,-0.21118983798065738,1.0710559234713095
0.6901439917111125,0.4023773334424692,0.6391928577607432
-0.40122047188583626,0.06271771078599109,2.12157053930236
0.22409248181041677,1.6775678928576694,0.24301554696629724
0.01259240078179486,-0.012146068376678976,1.1326237783834447
0.09767609854883172,1.9686320592932507,0.9358612978430901
-0.7730097838554665,1.405699830980383,0.349985195390159
0.024510174258942714,-1.1659579425706568,0.14687824248068754
0.49799829124544975,1.722380858575665,1.0545181635854284
1.4511436077950417,-1.5345344084580956,1.341693753785471
0.9592708260852069,1.2697988339647663,0.37925269066017675
2.1531824575115563,-0.47750682609367967,1.0351660626804982
-0.7673475628880495,1.511897281780278,0.5027432205813674
0.8723206367206782,1.4722267604298014,1.2489941708327505
0.18334200573835174,1.2237016004704846,0.222163125706071
2.1898029332176723,1.1601217452282455,2.2092313952729916
-0.8082982853551515,-0.7812834436078369,0.33884849273461876
-0.8397218421807761,-1.6763228677949913,0.45852731518833895
-0.5993926454440222,-0.3880792849393542,0.05984762284370609
-2.123895724309807,-1.3059019400539653,0.11823437635671136
-0.525755021680761,0.7798043556098468,0.7253850879884061
-0.759132661553698,-0.6156010938488579,0.3114184672257246
0.15039378647620763,1.9024408034396596,1.8047245077470062
0.34175597577715944,0.5638883093813281,0.014802405694441707
1.8761708392158862,1.2899222545374438,0.47657565565470716
0.9504238381860503,-1.4699013090326063,0.411501611341643
-0.5769036556624031,1.4480579290904902,0.019516851669877114
-0.898414671348358,1.6910287620535773,0.1328098233045887
0.4919191715065057,-0.05175232472425639,0.5338259054757455
-1.3202332070206422,0.42501175100390975,0.678977219233992
1.8314587658543537,1.0592392036119818,0.5180008832397219
1.179440120721287,-1.3006454909583498,0.7570196375133226
-0.4691756521047048,0.010264305853769695,0.9041933879635168
-1.7131345290908775,-0.4053478889107476,0.009973390458152718
1.3538723741654128,-1.4145040313510036,0.6237986699666189
-0.11453984525261789,-0.5298623108338743,3.310422221009638
1.2378163119734618,-1.7273107624580257,0.7319551215848256
-1.594427658794367,-1.896752372202052,1.1317832132238965
-0.5993750229537729,-1.459334843380709,0.37376857968988036
0.005243699718183166,1.8524604463566954,1.4871821306709976
0.046980593764742055,0.19811814358006785,1.48245942648968
-0.45006547147924364,1.8632886446128798,0.7366729262027566
0.6228499323474987,-0.2700084866794721,3.7302775845358447
-1.0676204293825944,-0.7527354676589617,0.1341604072843749
-0.1423794850212935,0.024567451360976378,0.0170929200584672
0.12029563171189886,-0.2419532454683595,1.4703640839597827
0.514438834058749,-1.5773412629530243,1.6458713080659462
0.7116148780888898,0.5633052587608249,0.12806888687847065
-1.1246420918378692,-1.1358472699616016,0.30867806434803485
-1.5341141707356223,0.47835181959131834,0.017708232706465002
1.277676821898509,0.6008043695926135,0.3471612158516566
0.33231401197959165,-1.3919005874854076,1.483430452128112
-0.7484865365565536,-1.7546014915573274,0.72972927557207
1.551151975522523,1.1230463442737593,0.4278573430933416
0.11567463429285867,-0.1607983049227193,0.4648000631593654
1.1792971840638264,-1.7673448179780968,0.0013545426943478147
0.06751848141010895,1.9794652686790686,0.35639002391120705
2.060747924881987,-1.7688777560145335,1.0397550865605174
1.7553408424432044,0.7801409154342127,3.6571654542851797
-0.2489641484790735,1.9347157010536544,1.8777149986246913
0.9715709509543554,-1.0432795831362975,0.0238777834155165
0.6453759495851475,-1.4310025252512153,2.288293749222259
1.3686315575323487,-1.5144602423102844,1.5287726907101524
-0.9649234605801045,-0.7868994097296178,1.5158388483489995
0.6860514599984393,-1.5958167559574132,0.612481452856446
1.0584244868495878,0.7686453667765276,0.5075066259951957
-1.7587394864231143,-1.7508328074797492,0.36084896998231303
-1.183258512665775,0.03768851259915884,0.06795219063427087
-2.0392321777601006,1.9867874154119072,0.2590756504330275
-0.26940683444455776,1.2558810780240752,0.2831638085009333
0.7175422557959623,0.46087775292404354,0.661797884559367
1.502357052096028,-0.7749855168535533,1.3761238826067157
0.07409478041977519,0.4955833451665539,0.6420925886156549
1.6286155455712918,0.10816585564660652,0.05958489006248408
-1.3801014582148914,-0.2956664644385141,3.1650934043967567
-1.7033824393551547,-1.477158493039202,2.8598791623520436
-0.05554769889661878,1.546416860961867,1.5379992357279177
0.3840654489393073,-0.20086140471470992,4.747644483359943
-0.03269474809409311,-1.2215099527169397,0.7863207766462897
-2.0674421000398766,-0.5289625964908415,3.2905960797829
-0.08912003951278841,-0.3434809898842919,0.07861585344916983
-1.3044695005048532,1.3101515822674972,0.45520289964627686
0.6696725488300385,0.9344575222456082,0.25538432939859107
0.36659824609684827,1.0772195745653592,0.2179484245523082
-0.9398797863273552,-1.9558749422854111,0.151756987371085
-0.5138669173366935,-0.33538400728095397,0.9739559723919811
-1.0592135218889516,-0.0746233934587055,1.5201542911231598
-0.06267909727317188,-1.9232308927077733,0.8634573226958268
0.9551423205012383,-0.9607471650198631,0.15895201566782516
-0.9857260463355437,1.04115929248854,1.6666633458146543
0.5040465155178444,-1.4515611770840038,1.010476988217397
-0.5302576183724408,0.1412405258103666,0.49129379477778085
-0.7928728322623442,-1.13919251193105,1.121257657067068
-0.10703035995455783,-1.951516901424427,0.3009766945987171
-1.035242322419374,-1.035194169601834,0.42341353449396285
-0.553649305347182,1.9034950196402152,2.4947854019627047
-1.1978778925888485,1.2061484475319584,0.343201132890464
1.9647251329163893,1.8383065772841336,0.6348561371298942
0.03526355197172861,-0.048583824294550215,2.2085588042617506
-0.6997255079925856,-1.561055205289986,1.2300476518437322
0.213979910734222,0.19183795589477182,0.06422201247407275
-0.11232804969082982,-0.1824906617601565,0.15935106340465577
-0.22096959953322298,1.3774283309584638,0.007872497723973615
0.6141667000434252,-1.6076696768630216,0.9967467068014915
0.7575077100473051,-0.04703545191288727,0.5936157870102338
-0.5305011476105275,-1.399805341224063,0.1441878005901035
-0.57581824064468,-0.7012962924397601,3.168518343315222
-0.275051697151644,0.9494283095511986,0.7542988546284627
-2.301921164735585,-0.09592748252493388,0.27693113030920474
-1.5151910621985523,-0.4964468594169227,0.6943550520525156
1.3668742674445247,-0.42209488571985876,1.1382485262732562
1.6449677135012837,-0.16221292637605345,0.07930213477005081
-0.24903603955637832,1.1400661753482275,0.32117517658509287
0.5765569630557664,1.5683387557609376,1.644886302350852
0.3112501545435361,1.821338746015713,0.6155657215573472
3.0788808084552377,1.1476135450211804,0.7909301276058035
1.1195749114345768,-0.7383724170079491,0.5670715168023113
-0.12791759148076653,0.7525388243461686,0.04489270890015703
-0.9555404406004258,-0.2495875037784323,0.18122189742519365
-1.6064463202575725,-0.9813175118157953,0.5897635674222761
0.2034636358672231,1.3634863177036904,0.234691808249024
-0.7563507452843033,-1.8462946041507,0.051271219536126844
-1.4222537095976742,1.607047968541694,1.8556560463874308
-0.6465728842425266,-0.15409014150106337,3.9735011031952396
-1.081548003614395,0.5488059072331217,1.5757269365677424
1.6871416350725648,0.6374156888231308,1.9226766022694781
0.8816397569494505,1.5804709628261455,0.27704172270921135
-0.007972641316617372,0.5466787286688293,3.234674354858788
1.4799441388900259,0.45573433904024707,0.21930804684137822
0.0773683076476183,-1.7333918377572402,3.0247453182020516
-0.8612842013282637,0.07363208778081631,5.262813931989295
1.5231240772696573,-1.3993239967318334,1.243832781684682
0.5389100436846587,0.9497350748859423,3.970909889426446
-1.0372461543264564,0.04888768325069792,0.8429003625594063
-0.1903386780836082,0.7209111168334132,0.3004860724923195
-0.8756182533847572,-1.833308397590463,0.5744683429928096
-1.382799730964336,-1.6608319358167871,0.9003212637616178
0.9261775475316414,0.865293552250729,0.07588970221384388
1.9094166404701305,-1.7116626560053065,0.973769603394951
-1.3985675738191412,-1.7149730889389656,3.9727202078753883
0.5629692366905709,-1.9515660990604502,0.2108539411153337
-0.6506425691218269,1.8260055931979204,1.573082436156245
-0.48712538376469605,0.9500334378360278,2.3848672389512573
-0.5923939242388692,-0.5869943659917434,2.877089035892496
-0.863990769679816,-0.8138576748493791,3.2222716944481986
0.04852162794482699,-0.6011870810166018,0.7370147220569544
-0.8309501164110378,1.0986141247247274,3.785738784859356
0.2704568257798388,0.6454824442816576,1.4159712237241735
-0.05023810944913695,-1.2592177285301283,0.17634517448085626
-0.23894804686640975,-1.3035626586636626,0.6479828321383203
-0.9075636620415979,-1.6064174011464107,1.2670232789212519
-0.5767713305683327,0.6412108788053525,0.2841420999797959
0.755391225825756,1.0574906488869438,1.0233615524613529
0.5009171876243808,-0.9398142866999839,1.0984137455189629
-0.977555244798551,-1.9162201558763488,0.1775725437985096
0.09933230542922587,-1.6713133300942906,0.8326053877086579
0.751387123371789,1.8714401393801219,1.476774632041396
-1.6694052811213718,-0.818220890090319,0.690940945159936
0.543360192379935,1.0768925913525345,0.012176955887700333
-0.6626237589458467,0.4986542754170551,0.009079563850904285
0.5705986685931593,-0.4722414413884164,0.44165619182010674
-0.7632591565425169,-1.1772509512177796,2.6063161770524017
-1.804882100664519,-1.5144543273623743,0.25964777096391695
-1.6275424378831627,0.4600518721554665,1.00611612505522
0.048084946661381994,1.098535122551152,0.2511262797305097
0.25972250172148187,0.5756170141645227,0.3881213685465557
-0.9043166251044086,0.12120853299663326,1.8841517017541254
0.6385924587773739,-1.832195106273455,1.3051253056263972
-1.6615200622689599,1.8739551103775351,0.10026162303666898
-0.06607979864731657,1.1948567666182983,0.5598443507801786
-1.2110161997624567,-0.828711853196141,0.029603659802252137
-0.6518361078021592,1.9198813174354026,0.6556397546358057
0.047398671316414016,0.4075263585452884,1.0859942668955456
-0.8604133652839524,0.3296906328289859,0.12613325343695841
-0.38455554422982535,0.9922927177181284,0.34092103232703447
1.0062928092144405,1.2470791523605502,0.5072264842828503
-0.5768918695231487,0.6259144293260106,2.51988356829711
0.8356921120651418,-1.4876170145352,4.998956075902351
-1.129706854657618,-0.6469299760220064,0.04595106218168274
0.5298041779152828,1.712334561304199,1.4313248803005745
1.4415686206579004,-1.1015375526245923,0.46477582430548897
-2.4716445001272893,-0.5113319046499467,0.4983342768841731
-0.7968952554704768,-0.271692468223216,1.4035014509953418
0.57707212718054,-0.24238004122219126,2.5062499928371724
-0.2030453860429927,0.45175832997810206,3.014478786587206
0.37114587337130883,1.7723033509788304,0.8606729434454637
-0.6039851867158206,-1.0372291526699802,0.441799000649414
0.08658978747289992,-1.5139944947963277,1.5490443095770987
-0.15567723539207948,-1.2101180405602507,0.2890181422787728
1.1677820616598074,1.547699600837078,0.8302828409517735
0.2544208433012131,0.583243250620824,0.4440684118766536
0.3376026620752022,-0.8563728430433595,1.0689498229877938
-0.4118769661224674,1.263787755874469,0.27496186888850965
-0.48760622407249354,1.4454799854537441,0.2126895672844426
-0.4325581878196209,1.3860573547611121,2.503955981789687
0.39445214237829684,1.6757061345582178,0.10736661870379179
-0.42098448082026296,-0.9910359193065537,0.7051345584098176
0.2897748568964129,1.0201677149851132,0.24955526889052512
2.075400798645439,-0.15784201090343997,0.03970799371386665
0.8711247034316923,1.3679942115602461,0.0366835056113271
-0.32602353216784113,0.9139627086464528,0.19264074345832685
1.2012139221639448,1.1057897859988985,2.0156809818707226
-0.4080753730215514,0.624647350724286,0.33195270666804944
-2.038124535177854,-1.2902849221211725,3.0049581125357596
-1.008086310917404,0.1801076755877533,0.8713706491738638
-1.8707919210258557,1.9386789580980328,0.5737906098150877
-0.35151348404130867,1.7495522659884757,0.8677121011941032
0.0184183791895517,-1.8273050568119533,0.7271143589950866
1.6764373122752827,-1.3407407370822515,1.4220303685493483
0.32692737376416264,-1.4730849061817524,0.33197684839872643
-0.21910052880886424,0.903919639941182,0.4354868725226266
0.8294055811834892,1.2711413194277803,2.2452062273805207
-2.211135309007885,-1.1459545347573123,2.9272611169441505
0.23561455810856594,0.02341077180731599,2.230806229197307
0.7708651938869668,1.3628121120448,0.543775893497494
-1.4785862457798415,0.9312061790650024,1.5157904915515272
1.143754043206929,0.16894882196739314,0.6469045124116817
0.3384964074944141,0.36139076183509156,0.6882389499473696
-0.4152879139008013,0.03344218766511986,0.2290108667160451
0.6327818661062848,-0.8098061947247177,0.8943587635739941
2.270692857804396,0.26008797143606444,0.20596187747433078
0.18186625505849516,0.7555412082003627,0.40281566957291837
0.24822058630033608,1.4932916634432307,1.931229845290355
-0.4593608995402441,0.5451654159169923,0.23202765991310306
-0.8498443694647918,1.044486148172632,0.07381693700302627
0.8303358165442456,-1.359713460181708,0.07150415706895463
-0.8560838259088672,-0.15377010232084043,2.826572293283546
0.07156623721939247,-1.9626735206916268,0.7070847345157996
-0.4776574467651167,-1.013284541913508,0.5266367498016638
0.47897982574639186,0.9058468604520193,1.665366041661833
0.3336621052869483,1.9672398053974538,1.8068279988809697
1.0375399442578992,-1.6032876016511364,0.4037531240628876
-0.510016398854747,-0.394022736554847,1.1829227771663489
-0.26987493529337125,1.200283874796638,1.474569733059262
-0.9787637157823074,-1.1838574614844046,1.0631988723472205
-0.4442932600761116,0.22033979720914498,0.1643972510280493
0.3773004930448522,0.9322851841186992,2.086531282741948
0.7569886166453519,0.46394180104071614,0.7745623605709238
-0.9221653241776254,-1.2479010615383355,0.3319439019404437
0.8696059201056602,-0.5784617252570423,0.5537821611877681
1.355637858804951,1.1351671379415889,0.038295075702702276
0.41343490322370086,0.2169060565280665,0.136813115846664
1.876795812558066,-1.979081545828349,1.4504990735121404
-0.773789199103573,1.0439630401123754,1.1634823050432323e-05
-1.244654703311417,-1.8587545802390437,0.538823650213271
-1.7787202489042786,0.9829351309249286,0.7392124409338731
1.496044311489183,-1.1900777593390504,0.056183569156496915
0.6543656563540577,1.8322939204775208,3.6148175362787756
-0.05558467091045507,-0.5282369947916621,0.2563453451831128
0.2799686263198203,-0.6922735346476836,0.3626911761341702
-1.1254890472983765,-1.4044477986702213,0.3623230247239586
2.4457519796168263,-0.7775831380391405,0.26190603022539466
0.1292211819752275,1.5066030473128023,0.001474909230385058
0.10939479460489289,1.9853373505089893,1.3069095710746874
0.725766623898692,-0.5267618779726067,3.406576818902749
0.4810092317367132,-0.20555747618182973,0.253981030444211
0.22388402427913137,0.8882837528109482,1.0878123934605872
-0.7904744554453119,1.544783121860298,1.354393941280624
0.4714683571359957,0.3721773367471366,1.8866772280370347
1.8820244964750337,-0.43389720728868264,0.5492705793872256
1.3454200461549777,-0.349512636605505,0.3608707420593492
1.593186626639397,0.7824725859872275,0.3934799193146354
-0.5112156764311852,-1.9871269455828853,1.2469545359924232
-0.9896048202585809,0.47835734983936273,1.697064750630053
-0.12578692009964815,-0.5780279582345704,0.20042113164163983
0.055724912288694604,1.176789325108337,0.4635302399667804
1.0941915184709485,-1.6280374407074714,2.322177749177033
-1.6924646297148194,0.352809067793562,1.6434783687293708
1.5295503194606137,-0.07610844045550502,4.190309538682376
-0.15800789857898942,0.5693021036209096,1.4034334383200409
-0.42688106994742003,-1.7405856220681266,0.4995481228836644
-1.0121043752601675,0.3199351497125251,0.893155023299958
-1.6548566718657693,0.24593835183809487,1.0817972204129243
0.8231705839619146,0.24264037766468372,0.08170455545483112
0.07331796718840389,0.41395066638581923,0.7863528863524105
-1.2899608997410539,0.7058717489054489,1.2355351233568277
-1.295078772063616,1.219955998723079,0.18310743031294469
-0.3357846992901282,-0.9207171194871426,1.5170033059741117
1.669021525289393,1.3001976407202482,0.8765239671469428
-0.2595913513636048,-0.006977270946185499,3.041185511110514
-1.5031429531181062,-1.6917668834626753,0.0433484105221125
-0.24574306408594432,-1.7657962830240832,0.308328602809438
-0.2727235697476705,-0.6630467252157568,0.9201829951622438
-2.6968866429415717,1.1395879084458702,0.3517725691046352
-0.05429486651781221,0.830723738963663,1.253247660188759
-0.23093453020867796,1.1544598586896258,1.4229802649098477
0.6962063648134184,0.06907622576643746,0.10815994603859408
1.8489560949453452,-0.23920400817803777,0.7212472435450759
1.1265650295477574,-1.4101898931748642,0.7110882749898155
-0.26888869055483056,-0.6872289855627538,0.46089447618725676
-1.1065259087416703,-0.26392253530449894,2.7019418337671754
2.5733598032498604,-1.645598281281531,1.7573946801280818
0.05921843401448826,-1.117552189155155,1.1947137417483797
0.013929291912946203,0.39290117625495524,1.2529062038255496
-0.024125087110003277,0.9426524569567594,0.6193692442292759
0.19808476076785494,1.9933900455717986,2.5382380757120377
-0.14436041192394247,1.7324533253742307,1.186117913334209
-0.5736620068802363,0.5702607981407661,1.3055665773552831
-0.5468589412403921,-0.315007786823712,1.9782642708715719
-0.03275327021599839,0.5447094588329309,0.3203038769287745
-0.543424771133765,1.142606472320928,1.645432535124599
-0.7128457826771644,-1.5266552363064507,0.21721193189903326
0.10643022769189683,-0.360380441214847,0.4236422441660145
-0.2549772174208553,1.3592091425424688,0.40888663627022787
1.5039929885826886,-0.46466819226782397,3.8408876222526156
-2.650969808393012,0.28748908490874614,1.9416796763724424
1.0915068519224618,0.3510774434487929,1.207879965984888
1.246085192497629,-1.2620949874654426,1.2984914234202143
-2.0733902324081495,-0.5510582333908465,0.825702579684131
-0.34268759408034877,-0.6619548450322714,2.9391755305092016
-0.37144086599579146,-1.8952131658717408,0.6856925413210558
-1.4075116947178212,-1.903232944434579,0.47887116568217086
-0.7778166875908753,1.3267881747030938,0.17797342794015172
-1.1105758454658288,-0.9077167601087504,1.5427407178831198
1.7522704434236227,0.07231506495526174,1.3259292819722024
0.9356783931474612,-0.8050977056449078,0.48508484284908426
1.2715550949941588,1.762716980461362,0.025516200954391076
0.7216720640432351,-0.962812964536905,1.8263343161106416
-1.1290517712172292,-0.2813727490442597,0.011483669104263555
-0.5245202662797737,1.4909210019384074,1.216382080660238
0.48937456122791806,1.3677342671672346,3.515165157939812
-1.2221278088919454,-1.2555943286148907,0.5756509916369589
0.7129984301723881,1.2105732391828417,0.2678446810487069
-0.24032539815813503,-0.1672524530484294,1.2203427641197981
-0.3748208075495975,-0.06812451165857913,1.6989696010093254
0.7109599682034915,-1.4660801103362249,0.7906063631889005
0.44426331148603976,-1.6775939449715014,3.412317236403083
-0.3609661658190799,0.9117572278950608,0.05305138804256164
1.159329803364248,-0.014155390578800997,0.7027846689285737
-1.0810633275998973,-0.2525971895392818,1.267459247349778
0.6159356069442637,0.9180329146095869,1.985153492430679
0.5931012579683838,1.062051595964439,0.1975435601599549
-0.3095464393139903,-1.3643673293225858,1.6094553214040426
0.326133022242118,0.44090059791056513,0.8045415873998298
-1.251113576385303,-1.4585836708892579,0.5050981935027793
0.924027019206901,1.0055003441161827,0.14123531011449272
-0.18490213644298903,0.6278206250685581,2.004673710604255
-0.5227230205190395,1.8264584843338318,0.171112463876311
1.0490092258368893,-1.7241679345743153,0.37075627822243246
-0.7043436905427592,-1.7717811153949827,0.3425544405277208
-1.4084612963635597,-0.8712517012271994,2.05115760370031
-1.5566291735239037,-0.9531772650563761,1.1168872457261294
0.6060099513456396,-1.0120848037120007,1.5929810583106407
-1.280429352496283,1.6250183220841468,0.28830613219322626
1.7547941819843647,-1.0018152006019756,0.9804935749765662
-2.081929407883722,-0.912201095485476,0.8480387621225359
1.6964563682900382,1.0375930496718548,1.7887462741929174
0.2110174672026184,-0.20104063019784002,2.3653871012100742
-0.09671311187039239,1.1068422278207248,0.012231269408971249
-0.5449190868089497,-1.738535369742459,1.120919000889536
0.39913611435207086,-0.049715225306462774,0.05322758404622274
-0.037634702424848364,-1.8655455992668695,0.7959746073698896
1.1033018820165215,-1.749387186178582,0.339161670569886
0.11422764866203965,1.6257498133776438,0.36640296452946186
0.1503017614618776,-1.4430185155296193,0.43534484967911713
-0.36361221221385587,0.12968272910086842,0.9709910051382612
-0.056945623721067457,-0.3556175895971738,0.406540634782834
0.3078017688920592,-0.6106266949646293,1.3193801039927686
-1.7101683926566256,1.5993333827490899,0.5183998787738292
-1.348185422105713,-1.912706412898042,0.07080150641358879
0.743264094022715,0.6551587447023564,1.5313656485833336
0.17086543812794186,1.8535777368542017,0.3365338929517138
-0.18398333635267913,0.24067273384736776,0.5669849126609429
0.01843393306539316,1.7472898481323673,1.1565927870318258
0.34758170536167105,-1.790968482855905,0.4041502086904978
-0.5397596803093615,-0.3248267237033544,0.05824970382389809
-0.7783047254023127,-0.9593688361517954,0.46827879285214735
0.19584525509768155,0.9232838599229192,2.8904462491680323
-0.978372777615032,1.9251883619889867,1.026480660671112
0.40825275571447184,-0.9738797502230088,1.1131549686950415
-1.7025836042378404,0.6166984058962979,1.0004393567361385
1.0291556373256436,-1.2076094689610395,0.2218845179287726
0.472597482413043,0.2613210182864396,0.5418586455108922
0.25602973431387566,-0.1442700532466552,1.390060638098674
0.9826909839455139,1.8880213185261483,0.10688712205436364
1.6654744444625766,0.43410909078586624,0.325526249643295
1.0143700650181304,-0.6019745116527249,0.323404741308102
-1.8408742313316453,-1.5436168604482665,0.5656671840459809
-1.2795769667357015,-1.3950126850602618,3.930632133279656
-0.6248185776956788,-1.0987322801950596,0.06988885849612299
0.026091050210833786,-0.996133354638808,0.7312665687059473
0.517659020469123,1.4024642313645512,0.1976764606755113
-0.7257438131534656,0.24489115313009968,3.5293675852257738
0.18676676447707832,0.09356364549746576,0.12025252515554251
-0.7553829323533225,-1.5409245125231301,0.5168453767797387
-0.6115178029919482,1.4405587733977399,1.3389718823677081
-1.4066610968482223,0.8912572128339349,1.219270648703156
-0.9232332461109043,-1.7293265523999937,0.5494428230199097
-1.3516846056163336,0.8313403889190747,0.4254497289318204
-0.9758732529773327,0.17415286937058427,0.5068541514341259
1.0536417966078395,-1.673098617012887,0.30690058827003935
-0.949398888831943,-0.16679743388537416,0.2298320428713375
2.632382064837391,-0.061214851479812094,0.6597891918683801
0.4933179008808892,-1.336901839346897,0.3127042059539351
0.1848361236948739,1.7827925880011293,0.3389215646337138
-0.8583577801812136,1.3999014859226477,1.069313899383184
0.7003098794089914,0.6760893493164333,3.4589535693063156
-0.5756378262377739,-0.1508177559975712,0.9254253269426673
0.12200981464536144,-0.35293783366196596,0.08010379885994509
2.5600845382687947,0.6038938686038167,0.07859267448855108
-0.09605989972464987,0.18172747762762187,3.02460965743243
1.1492733262856758,-1.7509075764724575,0.35281211471835944
-0.7031764251258874,0.05001059508132677,0.09658467632080676
-0.0349884904969617,1.225614468931358,0.9139050477588241
1.77080063563551,-0.16304048961216777,0.9772324713005839
-0.6269670577877674,-1.7921736897829263,1.0455592808231318
1.8124485579969287,1.1451127975361324,0.31115819666956596
0.7077519354554754,-1.1945448714561024,0.015226013884891114
-0.5624667758942676,-0.9655166604478449,3.352846441207963
0.632407739055521,-1.3411745862708164,0.2888735095192658
0.9725544496267299,-0.6791397405140098,1.127092902446161
0.6218099622171964,1.0270060227545401,1.2263202244500762
-1.5702247198904564,0.07754343801574937,0.9416275581918198
-0.7271371758248686,-1.1804749033971498,0.37528619848408923
-0.24751863555150475,1.5113203126081634,0.31621359103256597
-0.07443342910004629,1.5183274198061167,0.9104783632203589
0.620672097550678,1.4823137001840276,2.0106294174939903
0.17770100093325383,-1.0448151544738429,2.932451960942563
-1.3353443587101013,-0.1950426232760476,0.11194414515742714
0.3801978510059632,1.9399586245635003,0.168215846863097
0.6105857452838231,1.0880499052399615,2.895638259698919
0.5597904479310398,-1.8913303150977607,1.3338356138087226
1.0807807255546218,-1.7391816349580318,2.145528566344447
0.8339221545489041,-0.14427449275066895,0.22643977054999206
0.4591800792284367,1.6368808234462406,0.885727267264709
-0.07016571145864703,0.1548071918108569,1.2077786855710813
-1.6609609335159914,-0.008749967862839103,1.1397839863491777
0.42961821913258585,-1.5781052001734777,0.5245049115039434
0.20768768716311115,0.6271204188971762,0.015514623464414973
0.27157883719537346,1.288412642400902,0.8744917510906712
-1.2767485758203094,-0.4783199699697507,0.2918260323785145
-1.0810565404082624,1.10244740370131,0.5982993733477003
1.0531528533329035,1.8579066156032464,3.1601592595005434
-0.03955515385665504,-1.1849341634892436,0.5092191109697122
0.6815006973726244,0.09331852477896518,1.8313422735144418
0.028318376130461172,-0.8514481676616978,0.20892093117129654
0.02975613949574519,1.1714176761353574,1.1161466144629726
0.9382838059759977,0.31037346352463,3.7725634756856645
-0.5160447282173739,0.538329670201215,0.10746617642062763
0.09612077694098337,1.1916566384635763,0.008354746125244858
-0.4622752887050425,-0.41611810935018045,0.5684243568250689
-0.4344962274323156,1.6603602736281728,0.09719999573860999
-0.30917212346863937,0.13211546898455984,1.379852552895761
0.22213377163371284,-1.368180708658608,2.459808232896316
-0.4787486216634773,0.7835964726752098,0.5691982557212377
1.2557561255735208,1.1730454017530176,0.29936558249531925
-0.8946073022195039,-0.7329532917298933,0.5698740325333455
-0.18687164416135904,1.4287170279950119,1.2853557519560594
-0.4397310582741749,1.6245730190630656,0.00909539960722861
1.4469778843537329,-0.8923820504887643,0.890267272289478
0.19655477651157463,1.9340858908608882,0.9500845778521457
1.0318445394686349,-1.4371538878049663,1.0152502413531679
-1.485560373036972,-1.1919373263900401,0.2771010230264016
0.26705026586925884,-1.2631006430478955,1.2519478326323366
0.889630795623437,1.5759588400314817,0.095840955605836
0.08228398927542419,0.6171702092998474,0.2222318875893984
1.0654803750653512,-1.3915828671109085,2.099399761780521
-0.5172884501003722,-0.23870632652660406,1.3421747086453293
1.40934744018558,0.4611921002792081,0.013840898858926483
2.2988981236192503,-1.6661436600424668,0.2855194264836808
-0.36283856043965906,1.529665473629355,0.24131577425847264
-0.4455025214007718,1.2144141417661407,0.3158159142692778
1.453384477117701,0.02082709430655294,0.28443371445712246
1.5795721457307124,1.8685064610366817,0.0645665703233147
-0.5228600271532683,-0.3289560828996012,0.6142260553421355
-0.42018681709585726,1.9364412761459913,1.3195088966992705
-0.2817846088605072,0.6716799952145083,0.9332632656949174
-1.344450511034277,0.5386850930157658,1.117402734303147
-0.9186519464841982,-1.33618041881686,0.08463149682819496
-1.0041407667520679,1.527711033218576,3.025999956634014
-0.7677975651041284,-0.2900412483175394,1.8231995731582893
-0.03468488738678118,-1.3510663768700826,1.6352189994881976
0.23421473253652075,-1.9495699200969638,1.7315140536547309
1.5505004928140769,0.2390227345535303,2.698751193196384
-0.998354040738791,0.1095984884907053,0.7858195678500353
0.9843223984765838,0.8774144894766343,0.22349613579934705
-0.21398884422550896,1.5610322120712086,0.9591554567975783
-0.04946370965243295,-1.682373661427882,1.3582181862348355
0.6748194921666038,0.9259859613614494,1.3390955323734006
-1.1227220215622986,-1.2503522236096711,0.7369925411967152
0.3824097461840506,1.4327082126286559,0.07091477358703707
0.1664522082130561,1.2762540554466244,0.46380359075629446
0.4924512640081491,0.16317501994217753,2.5353574587032663
0.2891686439078181,0.8409711944932461,0.8781497113730817
2.4553001399108942,-0.7425995472650064,0.7729091380348863
-0.637739984251316,-0.11532840426874147,0.31314144858586385
-0.5309969550018176,1.2865475908418866,0.4595764535531472
-0.6231405264247644,-0.1629392113071444,2.2570964600590058
-0.5554771191602547,-0.5688069386982328,1.0980016177460652
-0.6373871273065177,-0.023150210998800436,1.5482817930749604
1.1890165311075518,1.3129970097488735,0.6057691464212985
1.4205042479898549,-0.6591678105165091,0.9949206573550218
-0.5707462937494763,-1.3049536274570248,0.2855292031963382
-0.8323555731042287,0.848056081323123,1.2223432806039842
0.4714155563864041,1.3039128508323272,0.5579195613223623
-0.5522230442809712,-1.5974500859058667,0.5843744199039752
0.6329318177555108,-1.040503548976221,1.0478877810532037
0.2029230208512997,-1.4321120409560244,2.7532665471097384
-1.515744114997232,-0.6082343536713335,0.06614658309229908
1.5475052013300616,-0.1985960843783494,1.7415031652071518
1.7958776730955217,0.9953053478532259,0.3458524481461356
-0.6127886904843862,0.6045903395266965,0.5868421292278964
-0.38770155993598415,0.4837142699137247,0.022156991989469393
0.28586539072490497,-0.5905002135613824,0.3581704585696388
0.334456789987025,1.3657902123390397,0.6984235614676293
0.6585442726728304,-0.11485133040734175,0.05781565284795499
2.0102045387663496,1.916419752060618,0.6754953535639746
-0.1769472274940494,0.5365685531829474,2.6188124511245783
-0.7982972445384537,-1.494941033741989,0.11137100709082458
-1.3793192280145272,0.704710248301736,1.4457927117388012
-0.7309300399419191,-0.6995839382732041,0.5270753607973251
-0.033126972873797095,0.7453087867443897,1.064714509120123
1.7945578635177877,-1.721435407350377,0.3014248709145652
-0.5176112990361714,-1.3004742512961625,0.17374912039518328
0.2237879516388985,1.4229490356231453,0.17490427012821894
-0.016422896072752075,-1.0912817719059404,0.07309980660067168
1.188393273448084,1.3481645009717602,0.2053609836776891
2.5269324258736217,-0.8828956461823583,1.091297263786332
-0.5308687729203206,0.5715276402348306,2.134452152258195
-0.48943944251822213,0.776602294039324,1.6826845626614075
1.044160877069072,0.05061901258021173,1.155609111636457
0.6818914896263114,-0.7787572932130749,0.11701917381063148
1.8467073257360336,-1.1494224945156155,0.3413465214844297
0.5839281853259639,-1.8672425817502951,0.3707838297159636
-0.35929209078705954,-0.7842143950371048,0.2876246692962019
0.5906548306923093,0.612651162125132,0.7236180576173268
1.1087035805829077,1.7532192737939307,0.766909582939844
0.820482181197364,1.484817929052208,0.44143323791725775
0.5072740311072977,1.0642591061412103,0.4366294487848321
1.066674689589154,1.1537893730131947,1.7634962509770875
1.1692955904456728,0.659939613903981,1.5572860162690783
1.3821589910375272,-0.958852569735988,0.3678743259567037
0.6487098875896427,1.6287801228233194,2.450951048502833
-0.16711808031685435,0.6829292476233362,3.053679593846005
0.14671368643332283,0.2417625239217598,0.39562746978779023
1.2065089665083568,-1.5560421231460757,0.43761380712418646
-0.8169356709872361,-0.2117778247742983,0.7044794557708601
0.3686733088729012,-0.15856691519229482,2.832267604481353
-0.3933388123273607,1.45825443809068,2.090053110892787
0.028744822934817487,0.18659288075115388,0.10821788581405427
1.2784518626072987,-0.4783978041183614,0.49878300023404765
0.19109906801990334,1.9072013140426374,0.8060274314681737
0.04643654815614881,-1.5571176266947373,0.6994318327840682
-1.3598561409799192,-0.30980628675222155,0.21550166000817744
0.7462535660272207,-1.8319012993143788,1.9576967369558531
0.6454841811410754,0.9596164830677214,1.1299196381880567
2.16325472330546,1.6723062087966025,1.8195935162994408
-0.30777823495300083,-0.8798506817980423,1.9573250068054282
0.21915032766393897,1.4333667071964835,1.3797393071697512
0.24938368371075526,-0.8311270781524089,0.5784098472380772
1.5774532797634744,1.6430806465756609,0.9430114594270498
-0.0952955323869521,1.0158476143871358,0.1747884890733034
0.27902152577033923,1.2196271073657545,1.1197708122495569
0.6078965097165392,-1.927973777598182,0.19754068939390215
0.1866091231563581,1.8512414282961038,1.1840054537024762
-0.44643361455052827,0.906683968281293,0.2608430311100646
0.19408999289830758,-0.7809956184554667,0.12505462234616282
1.073631749859772,1.3175786594353878,0.1806643189430485
-1.0265152994110602,-0.8739152063402802,0.001994122159710626
0.132969674146876,1.4910153582645118,1.268474411846264
-0.7001208149391732,-1.549678438352252,1.3182658709838013
1.1950466289248425,0.814743909843183,0.7234689746270512
-1.5231869047837747,0.16279390657964132,0.17597708684075491
-0.5589218472715883,-1.6138621192182367,0.0872525015240209
0.37721187506452086,-1.032424686964644,0.019314292317149664
1.5655240292343404,-1.9503838548907408,0.1812199761150679
-0.0657502610729878,-0.12492813814197667,2.2150829071496347
-0.5551995266931984,-0.7949389569599985,0.27646105316183545
1.8811570694405901,0.39342993719103525,0.4373758746010938
-1.448013900416244,-0.8110487691655313,0.11131765141096672
-2.198805956620082,-0.8003235539720612,0.25149326466168304
0.4400144500533324,0.9727727949264136,0.7323550010191644
-0.5020542243526112,-1.8074286560865862,0.9358627276617398
-1.0212328171307132,1.611579980767949,0.28150427992378696
0.7083564472993533,1.4090554975647258,0.059465712787681535
0.24380071377119883,0.6712187329056261,0.4959909850233758
-0.5640786307367284,0.3728862804295372,0.26683864178505584
-1.2803043986708944,1.569209992558609,0.24788962947202298
0.8724573282801447,-1.2586792818851422,3.215451761506007
0.650201177958661,-1.6841233512366856,0.9578955481509968
-0.09917586377938291,-1.0419593203618476,0.8139111519309452
1.8466369960476658,1.178313114800761,0.5374692735779751
-1.0700847663261526,-1.8613189330940667,0.560268584463472
-1.5255251709247388,0.3312273403339585,0.7784981270198164
-0.6919080698812444,1.9817500647652397,1.192142416923805
-0.045586016355497805,1.4227843753501577,1.211152168335046
0.24333944932269183,0.08578275617435782,0.1883725162262277
-0.24123605785632987,-1.7454363628534306,0.6933727101430839
0.3520553965142968,1.3254940575428393,0.5309570666740723
-1.251539424190444,0.3959140327088422,2.0442826532666185
1.4437646040732595,-1.5402680117617327,0.99809456772371
-0.0821511783925688,-1.6245708607065752,0.760364628507229
1.1172958315881276,1.6385072777463696,0.12261365679360686
0.34272534637770413,0.6768010517523138,0.9304857291327358
0.4567532191537839,1.3171471972670221,0.12466102880534774
0.5697672802322039,1.5159156011290693,0.4112919143687304
0.44770856001731496,0.2870894081932889,0.15413297226742526
0.6427227598675439,0.06978540702016511,1.1778946383162885
1.3291525301324314,-0.27829035871603924,0.23098939187944642
0.19652116970147013,-0.7322136488355229,0.4973491296616848
0.7090037575885123,-0.2616161565651529,2.26024212088713
-0.08973569428722672,1.0955186229206255,0.22855363873015355
1.4401172154494728,0.4076937240605263,0.708880429494969
-0.6763923020592697,1.5700931598193844,0.5434722066342405
1.8009404329108156,-0.2264799424832491,0.01829029331656515
-0.04015795064434341,0.4283583148750161,1.5738686344559243
-1.4307751021180481,0.5252302123679549,0.071545311529372
0.12810441491078928,0.3667886492253021,0.6429390145675242
-0.6810516574748808,0.8105350923420653,0.8225233209326528
0.8406435489887241,-1.0502661265007749,0.9900084710640918
-0.6526239793023909,0.04945511018316262,1.1667785960571895
-0.4461834332147797,-1.5831007887666093,0.2920547969219945
-1.889540730945531,-0.4619546894207498,0.010028898364548042
-0.4523063192490767,-0.04933172551494236,1.2853407259893985
-2.4238793266289567,0.6088970381818899,0.7671309128726943
-1.5839028234857233,1.802124210344814,1.8086068113128853
0.7604146561442974,0.4026042661934235,1.722541455331446
0.7858001586508322,0.9743756647062392,1.8535891364679211
0.42545756178496474,0.025064237980811033,0.6637722009982694
-0.966976143129213,0.5364161255053252,0.4059077998369884
-0.047711356141979855,-1.7162711354649063,1.5680954258319293
-0.0036025390905684044,-0.982433676632612,0.6001927060322706
-1.1583646891925428,-0.5525876271794452,0.20265757471542903
1.5033983017671506,-0.11002657997394572,1.9308423771734564
0.8773622905756714,-1.817405017990465,2.141826664834698
-0.22096417382966393,-1.4399036097867293,0.6279396760045075
0.02688583899453078,-0.8927427688347769,0.07871828968795785
0.20838280794755248,1.8861307636042026,0.49073887003514954
-2.0417348684242906,-0.674611971587797,1.6272845172494383
-0.24717738252059693,-0.07183576755166987,2.320484623499767
-0.6819842479977986,-1.2156091490464283,0.2274939286200851
-1.0016200098949155,0.44312028430307304,0.06932179560363473
-0.2811002928859549,-0.8772671379361028,2.098424202804143
1.7976865268495226,-1.172029686246293,0.49332128744462594
0.6408428612670098,0.06629051378391626,0.7803643189371355
-0.5711789897827968,-1.9779768033583167,3.4440781205292113
0.5725827813561586,-1.9693438694030987,0.06888365735912734
