UMAP1,UMAP2
10.516854,12.039061
8.092672,-1.0263729
9.277579,11.843623
-3.5370638,6.4388785
0.21026267,6.577628
1.0868728,5.1174784
5.9798245,2.9702814
-1.068229,7.919447
-0.8107208,8.261708
-3.0852158,1.4671501
10.561995,8.89378
10.431651,12.327467
7.875819,-0.5528847
9.721514,9.106288
11.050849,11.719121
-2.0984724,1.936685
10.191413,9.770277
1.7557527,4.1126475
8.682826,1.3047516
9.831964,9.249853
8.183046,12.220981
0.8245425,3.7460985
0.97427,5.569585
-0.8303321,5.305894
11.354013,9.942857
-1.6441529,1.8709083
-3.506495,6.0837545
8.250545,12.317822
11.466805,9.481732
9.5725565,10.182312
-2.4719522,5.3394427
7.936081,-0.5053464
9.372523,11.719088
8.453192,-0.87665725
1.1777904,5.052724
0.7397304,8.635451
7.2751274,3.183802
10.264908,11.589966
2.269752,4.5456133
-0.8426959,7.6123977
-3.1634967,5.4431005
-0.60757667,8.321331
10.4013,12.720465
10.505379,8.763098
-2.4805682,5.9794593
1.257682,4.219153
5.7582088,3.0580525
9.167487,12.4430895
8.185781,3.1433196
10.468857,12.825582
1.230165,5.079675
9.368241,12.482147
10.559982,12.11449
7.612524,2.5830693
0.058686513,5.504592
11.429961,12.311151
1.1678299,5.1699233
5.9105735,2.2364128
6.0492334,2.2709343
9.367805,12.041592
-2.4948566,5.9334836
-2.6365337,0.9705569
1.8090755,5.624416
1.06515,5.341803
1.4133294,3.708361
9.395236,11.963347
2.4380176,4.730185
-0.873199,2.644029
9.702861,10.09917
8.18929,3.273252
8.866944,12.493984
10.868425,12.895874
10.547445,8.7927
9.97196,10.380204
7.9285183,3.4189289
-3.2990036,5.547082
0.7645998,8.698681
9.569792,10.170193
10.832862,12.477282
-2.5612476,2.0237987
-0.9713779,1.403595
6.3689146,2.3852823
9.334995,13.127807
-0.9302921,6.2005377
7.648581,1.4629351
-0.15936673,7.3494163
-3.5065036,6.5297046
5.9050174,2.491953
7.68123,-1.2104295
9.436338,11.455623
9.819944,9.789468
7.165532,1.8717848
7.357393,1.7356957
2.6579144,4.6991706
9.290351,11.532196
8.394513,11.973777
0.7390164,8.455895
-1.9660668,1.4744549
2.1772733,4.7143865
8.158248,2.5840552
9.475253,12.223481
2.140602,5.053005
11.2623005,12.085137
0.2523585,5.54175
11.032767,12.466865
-0.3514404,5.2643075
7.802397,-1.0715368
9.379412,12.930094
2.4396718,5.4045973
-0.54252166,0.8830103
-3.2177403,6.2771277
1.7841712,5.3201942
7.394042,1.878639
-0.7698746,0.9240313
8.186849,3.363748
10.959649,12.525463
9.151045,10.823488
10.532989,12.950301
-1.3623309,0.42567196
0.76898825,4.68732
1.0305706,5.366831
5.4821258,2.0418134
9.568913,11.934975
-0.7105207,1.9095736
8.680374,11.696011
8.608676,1.4192543
-1.2888441,1.2583964
8.802022,-0.69456995
8.473672,-0.96391404
11.278596,12.672737
0.8962837,4.0726037
8.647354,11.944686
5.422724,2.5198526
-2.676095,5.08521
-1.2844634,2.533978
-2.7193954,5.3482823
-3.1766896,5.9540396
-0.6690423,1.2009293
9.612863,10.10091
-0.8625172,1.9504259
-1.1043081,5.826761
-0.14381069,5.495427
7.6623945,2.6102786
0.82353795,4.408713
9.139789,11.409183
6.462121,2.4615238
7.894958,-1.440991
-3.7009926,6.188806
10.6315975,12.024171
8.356839,-0.62778956
9.112999,11.471846
-2.6933255,6.3508415
11.416933,12.117971
8.208066,12.19491
-2.3103275,1.4668097
10.412345,11.588062
11.041128,9.94365
10.368291,12.794138
-2.7204292,1.6877891
-2.716862,1.473645
-2.6272254,5.935578
-2.506086,0.9964494
-1.3869901,0.36439094
7.1160297,3.1017816
2.0752137,4.0278635
9.593574,11.428718
-0.9970365,0.7338061
-2.6237514,1.5892107
9.440479,11.406794
-0.08908635,6.937376
0.7007133,8.492725
8.953403,11.417041
-0.49870327,8.293676
10.811011,9.002999
-2.9613636,5.425034
7.580991,1.5633731
0.5178632,5.1666455
9.179615,12.328758
-1.2445877,1.3794656
0.7761652,9.316237
8.847897,12.553071
-2.5060136,5.8676996
-1.469981,2.2772276
-2.6519303,1.0779135
8.903013,10.987073
9.159297,12.956112
9.414205,12.361439
8.650608,-1.0128418
6.0657225,2.3986444
10.430352,12.780624
5.1480002,2.8666427
9.0148,12.623885
8.465151,-0.96932703
11.422031,9.692591
-2.6365426,6.2308536
7.804226,-0.48555487
-1.8180207,6.291916
5.061405,2.2701592
0.30268478,5.794686
9.070452,11.660464
-0.8928486,1.7104142
-0.8540447,2.648315
9.559733,12.565947
-1.6310524,5.7188277
8.551583,-0.50092435
8.394199,11.867576
6.77984,2.0233648
1.8845038,4.336797
0.73277444,8.340604
9.01101,11.501158
0.9666803,5.380474
-1.0934882,7.870453
5.1959047,2.1415768
-2.591025,5.2382913
-1.2117923,5.092392
5.4420896,1.9890484
8.645472,12.521421
-0.5887687,7.7214794
7.3845334,-0.76493156
4.84844,2.9199984
-2.5291972,5.97002
11.107326,9.810995
1.25343,4.823556
0.5159492,8.729111
-0.55916286,7.9021435
5.9669776,2.4752016
7.6113825,3.0706537
10.396678,12.999657
2.4911857,4.727603
8.187572,3.4225628
9.43116,12.81791
0.26623172,4.52218
-1.243504,0.42531112
1.2766534,3.596434
2.1182349,4.1012387
8.738852,12.877833
2.3979702,4.267456
7.8518705,1.5322629
7.8287635,3.0613441
9.918546,13.232852
10.463426,9.287297
1.4182479,3.8997986
8.207512,2.0171123
0.71852565,4.1997867
6.311091,2.9009562
7.9906535,-1.6065586
8.410558,-0.7220732
8.298237,3.2019036
5.269122,2.252356
-0.043366324,6.8240294
-0.99370533,7.955544
-1.3712438,1.5898875
-1.1206123,1.3657798
9.576853,12.977337
-0.8915224,1.4536383
9.450434,13.010244
-3.520907,6.1278872
10.4619055,11.98315
7.546472,1.9714575
0.13839862,6.769406
-2.6699467,1.5966065
7.667106,-1.1557451
0.82010746,4.8987145
10.413854,11.394613
9.718554,12.23731
10.723487,12.337804
5.3258862,2.358171
0.77228373,9.126362
-1.2163348,5.086267
10.204964,9.7553625
0.41938654,6.177308
-1.2311502,0.34235862
-2.4510522,5.956988
9.378904,11.853323
1.7064908,4.9647565
10.281341,13.244341
10.973702,9.994738
10.548003,8.78743
-2.4357066,6.31928
9.290662,12.712895
-2.7979271,1.4709766
-1.9542849,1.6660999
0.8980174,3.7120283
8.468829,1.270086
-1.1009375,7.8786135
10.8830185,12.377419
5.758014,2.394639
8.050134,-1.1769973
0.3489923,5.3217535
-0.13726354,7.1986203
7.7067094,2.8097534
-2.7027183,6.3886595
9.349229,13.160671
11.366018,9.981948
10.857319,11.809176
-0.049940415,5.2448807
9.789802,9.374757
7.450565,3.2229495
-2.2546303,1.0037059
11.304215,12.492169
-2.3308814,1.038911
-1.1895655,0.66107
-2.2899456,1.9222547
6.0177207,3.071094
-2.2012904,1.5602734
1.1974667,5.3710356
-2.507639,6.011946
8.543773,-0.571927
5.0834045,2.390007
5.852129,2.4778717
8.956523,11.480641
8.057654,1.796097
-3.6747901,6.2663326
-1.5308914,0.6902013
8.165898,2.0824435
8.179681,3.3938363
11.415476,9.509385
0.634105,4.274583
-0.9357851,8.379243
-3.0318017,5.9078374
5.340171,3.1672335
10.187694,12.161039
-3.1666021,5.306028
8.779295,12.148605
11.224065,12.814314
11.373117,9.673072
0.9275635,3.6696362
1.0324323,6.18156
0.4510586,8.914904
10.462102,12.20021
-2.384863,1.9338698
9.863995,13.02739
7.6387544,-1.1688057
-0.51584035,7.4430814
0.9776486,5.2851214
2.259222,4.3006506
10.928089,11.912567
9.139688,12.2576475
5.241603,2.2752128
7.9319015,-1.4370886
-1.4212246,5.661496
9.126056,12.455022
9.159667,11.077191
-0.8791277,1.9152346
9.587359,13.179741
5.9453864,2.453793
-2.6180017,1.1614512
-1.0087947,7.949249
-1.4598459,2.4593856
5.9079037,2.730225
8.745484,12.040293
8.157487,3.3659055
9.265746,12.508961
5.4784894,1.9602859
0.70562434,8.495263
-1.5933689,2.3155599
7.557552,1.664199
5.2761183,2.022378
8.453034,-0.38866717
7.7118683,-0.7781547
11.336685,9.869188
8.223667,2.674631
0.93742824,3.935693
8.130186,3.4127765
-1.0451188,1.3846843
-2.6735623,6.230716
11.142807,9.986356
-0.6912343,1.2333713
7.5293727,1.9155642
8.2172785,2.8125293
0.08542173,5.7222486
1.3701159,4.734253
-1.5654384,5.6241765
5.2004333,1.9890023
9.486629,13.282567
0.2241753,6.6737256
10.335805,12.835603
10.354332,9.701911
0.96219146,5.020349
8.495951,11.420791
-1.7971404,1.8388029
-2.8518276,5.4569488
8.183441,3.3319898
0.9306414,9.134779
8.653928,-0.78427404
9.453633,12.177228
7.946976,-1.650268
10.147559,9.750944
7.893743,-0.579938
-2.7592878,1.4238051
8.2377205,2.0773795
8.351884,-0.41314313
-0.78607917,8.240324
-1.1481093,2.6231098
8.713075,1.3282481
2.156931,4.7311096
1.0903773,4.252785
6.0589085,3.114215
1.1800966,4.784738
9.242125,11.449306
0.44241843,8.740973
8.494962,11.397961
10.293299,12.892407
-0.87629354,2.7857206
-0.21028027,8.33539
-3.498844,6.5197496
-0.51747304,7.6991663
8.582171,11.316396
8.302411,12.012717
-2.1279337,0.92678446
9.375171,13.100931
0.92266184,4.084442
0.6365542,8.525243
2.1187572,4.864179
11.425962,12.101208
-1.308048,4.993092
2.2194338,4.6043115
1.8162897,5.055429
7.654895,2.7442873
0.044148445,7.199342
5.678639,3.0380886
6.270711,2.1133761
-0.64634,7.436395
1.0117677,9.074721
-2.967543,5.894283
0.35413414,6.9179897
10.161988,9.779054
8.259818,2.6697354
10.789638,8.978156
11.343553,9.903583
7.7264776,1.5416982
10.313744,13.25219
-3.3031151,5.550499
1.07087,6.245576
5.515714,2.8311858
1.822638,4.5821776
7.3923564,1.8945283
-0.40591872,1.0269735
1.6530141,4.500524
-1.7635512,2.2050045
10.06601,12.688466
-0.97489417,7.3559227
0.52382874,6.244863
8.707894,12.870437
0.814945,4.2331243
10.478053,12.162194
7.1485825,1.8417655
9.545853,13.036261
-3.260096,6.433005
10.911695,11.848653
8.498951,11.597164
8.224392,2.6218383
-1.7292194,2.566385
0.69855165,4.386005
2.2617338,4.4943023
-3.5243444,6.1666737
0.6049326,4.3998914
-2.4256113,2.0655754
7.6153293,3.0186768
1.9657067,4.828451
8.823371,-0.8238417
0.30809444,5.734176
-0.022408213,5.0578365
-1.2084848,5.022356
-0.4695799,7.6462426
7.7596855,1.5946635
7.131861,2.6990337
-1.7637593,5.9202127
9.496381,11.4666
10.93166,12.126096
0.9044189,4.019654
0.4647492,4.8977246
-3.3701034,6.312952
10.832459,9.720666
1.2047483,3.9499102
7.6929955,3.4120095
8.821691,11.897562
5.5086355,1.9892282
10.810743,10.624017
5.4543867,2.5735831
7.610348,2.5021653
1.6898777,3.640976
1.411235,5.3987613
9.058142,11.528691
-2.5697758,2.2497087
0.21089971,7.3978186
10.529111,8.77587
0.9524107,3.6580677
0.02617521,7.2132564
10.737692,11.23972
2.2874439,5.030798
10.575098,12.661485
9.783084,9.116891
3.3812022,4.365368
-0.8200399,7.3949976
5.4259567,3.0745463
-1.8352548,2.4647593
8.86791,13.041793
-0.29071245,5.7623916
11.448876,12.455712
-1.7659434,1.7293406
8.024804,3.3524156
9.147899,11.4871435
8.637895,12.083894
8.0878105,-1.4806825
11.181495,12.434522
9.734444,9.34151
8.470402,11.681767
-2.894988,5.3889837
-2.6642118,5.659235
8.641555,11.442661
9.214821,10.492018
10.3466625,12.274062
-0.8084465,1.8558971
5.4078856,2.6937625
4.940385,3.2058492
-0.5807879,2.3119738
-1.7472997,2.214189
7.9523597,3.2119393
-0.28373215,5.796142
-3.6045651,6.2639284
10.148544,12.256643
0.5638264,6.8753023
7.8068123,1.4754798
0.5701259,8.773375
6.9702735,2.7318087
7.9454145,2.148522
8.4211035,11.482736
2.0555673,4.9472947
0.7587631,8.42612
10.606436,12.572411
-2.3581026,6.4020147
-2.8113534,1.3422362
-1.2132194,0.41524354
8.720018,-0.7910323
7.683423,2.6483688
6.057225,2.37667
10.242212,9.544174
9.293198,11.710978
-1.7589442,1.8356878
5.34522,2.938815
9.397888,13.27849
10.637343,8.826956
1.7703611,3.6664753
-3.7144735,6.2130346
10.512339,13.100292
1.549563,5.487339
2.3584301,5.319648
6.658108,2.1368582
0.27719912,6.935321
5.332418,2.085545
-1.2296228,0.6899969
7.83825,3.0108142
-1.9645053,1.7523203
-1.3233744,5.1860557
-1.0185417,0.68130976
8.311717,1.2812663
0.11228035,6.109669
-0.63279593,7.7746243
0.8633143,3.9097555
-2.5113852,1.0268579
-2.6655254,1.4771599
-1.2871143,0.5743593
-0.7591395,1.4820502
-0.8671198,1.6303443
-0.83800733,5.304704
-0.6127877,0.8116797
10.301348,9.563654
-2.6452143,6.5097985
-0.8812994,0.43188536
10.994652,11.905801
1.6067108,5.393943
0.32004747,5.420449
9.795634,9.956395
8.208022,2.0593293
9.247561,13.33278
10.429613,13.130195
-3.6812158,6.2689967
9.341896,10.447686
-0.71520364,8.3474
8.205971,3.2719276
-1.299997,0.5193262
0.5921888,8.943082
-2.7197642,5.404974
8.0973015,2.7890975
1.0100403,4.6921988
10.741308,11.925207
-0.6707943,2.6994956
-0.8745574,1.4433061
8.160941,2.1015134
7.2739573,3.1977172
8.106137,-1.3708209
0.69410074,9.31054
8.996347,11.620004
11.168834,9.725859
11.000635,9.960937
0.70956135,9.297467
-2.24244,1.0176587
10.492782,11.122155
-1.7700009,2.4110143
8.385495,-1.2794821
0.32255468,6.7182174
7.778977,-1.3429501
0.118033215,5.892284
0.03985758,5.735288
11.403681,9.892787
10.715152,11.690554
8.334824,1.2608999
9.486664,11.413499
-2.5361938,5.8347335
4.7640343,3.3290179
2.1202242,4.1395655
7.7247334,-0.76244867
7.8159924,3.3648577
0.9666459,4.262012
9.032011,10.952986
2.374087,5.3238244
11.158508,9.435788
10.220047,12.717977
8.181041,-0.9186361
10.774921,12.030886
0.87670827,5.467433
5.020499,2.4111576
1.7269166,5.053618
1.3522619,4.6711407
8.353585,12.01424
5.0786204,2.3285432
6.3357525,2.6350808
8.519013,12.096982
-0.7989598,1.7059805
9.436176,12.643416
6.891001,2.0286632
1.7655818,5.401414
0.6481951,5.305228
11.4612465,12.185121
-2.9366596,5.316934
2.2360919,4.1989264
0.29213762,6.963335
6.512241,2.4760842
9.049635,10.531185
-1.2842742,6.0872483
10.450884,9.264665
2.110939,5.0231586
8.40722,-1.2934632
0.28987473,4.7895794
-2.6775956,6.231618
5.1646223,2.989186
10.55001,8.835518
10.362298,9.396922
10.242678,9.524721
-0.86612636,8.229036
8.357576,1.2295907
-0.887908,7.971038
-0.48385778,0.9676321
1.5230753,4.966304
7.6337337,-0.29791042
3.0552728,4.4956765
2.0138915,5.0075006
5.5088754,1.9701408
-2.7385154,1.0986624
0.7469907,4.23256
10.783667,12.447472
0.4592261,8.930208
10.712611,12.34181
5.6246653,2.5817454
10.520272,12.850185
9.838794,9.735926
-1.1296121,5.9893126
8.791374,11.448344
5.409019,2.7240715
10.901374,12.888809
8.152349,12.225624
8.556739,11.317916
9.549313,11.900336
5.6276345,2.2485569
10.632068,12.060138
0.25814226,7.0469365
10.675609,8.871445
8.20202,-0.6487138
-0.8571927,1.0649625
11.491577,9.523534
8.23634,-0.71189666
10.564311,11.373781
9.110278,11.805948
5.562835,2.7675657
2.0190258,5.012629
5.3225403,2.046233
11.426985,12.30049
7.135309,1.8765768
2.2799544,4.2706575
7.4892654,1.8937547
5.847495,2.4133854
0.51582754,4.137865
-0.9692021,8.361405
-3.2752876,5.8310194
5.2406287,2.3535223
8.200353,2.683305
9.309895,11.039299
-1.9199265,5.772192
9.138817,12.728823
10.592499,12.224587
-2.8369322,5.477934
5.055256,2.8550556
8.133809,-0.96907353
0.8815337,4.3149223
10.419677,10.678231
-0.40541384,7.9181104
9.647176,13.29807
-3.0997381,5.26924
-1.8329744,6.2925634
8.709754,11.832243
10.381329,12.741784
-0.5250805,2.325804
9.033188,11.775093
8.451377,-0.7622305
-0.799574,2.582619
1.267341,5.0955415
8.325569,-1.1826586
1.4168679,3.498635
8.508717,11.769941
2.5177596,4.504891
0.60968167,6.3907723
0.60800964,9.123776
2.5409002,4.511041
5.5055857,2.3676538
-1.195514,1.4288474
8.427113,-1.2448467
0.62571627,8.580695
8.946854,11.604376
8.487653,11.697612
0.47776648,8.70897
10.678824,12.534612
7.76881,2.862916
9.138276,11.441163
8.275207,12.20657
1.023393,6.244023
5.1669307,3.0015135
9.037242,12.429034
9.240403,13.104311
9.6273365,11.2521
0.8934497,4.1277804
0.9704578,3.8701556
-0.7782322,8.37381
0.020867307,7.0967007
0.40733153,8.832947
7.246382,-0.5401849
9.230079,12.552752
8.0917635,2.0704112
10.81729,11.739452
-1.2079896,5.755751
9.55807,12.636724
9.364077,12.316056
0.34718746,7.307493
-0.103530645,5.627355
1.3321313,5.564532
9.379873,11.949233
7.3173003,-0.6897978
-1.9910554,1.7565569
-3.1188352,1.5074321
-2.5329225,2.1934383
7.6240005,1.5942376
8.717932,11.384547
8.639522,-1.0002573
4.7610555,3.2950044
10.566645,12.298951
-2.5867915,1.0819252
7.6148105,2.8972769
-3.5620244,6.3505445
-3.1924596,5.8858204
0.56557155,9.272765
-1.1301875,0.71693677
6.0275116,2.7300863
0.21167584,5.75808
7.035787,2.6892972
9.144472,12.449096
9.17229,11.336413
11.251377,9.888425
-2.3438346,1.0226095
6.8745174,2.9295688
11.062611,9.923013
0.33069983,5.127105
5.379948,2.2299435
9.279935,12.800674
-3.2319224,6.315627
0.81608504,5.903298
7.9453044,-1.4569081
-2.3700674,2.1091456
10.079055,13.184021
8.734772,11.829772
-0.67178077,2.368889
0.028518299,7.1097813
0.65137416,6.0496836
-1.3406652,2.5937345
4.799604,3.2452543
9.720928,9.167573
8.195316,2.6336255
10.106349,12.401414
1.6007274,5.120453
9.354134,13.099383
0.7971606,5.883834
-2.6000185,1.6188303
10.60925,11.004598
0.43658605,4.9984646
0.49132377,8.841678
11.312322,12.561673
-3.1245604,6.080425
10.87583,10.111234
10.226628,9.5499115
1.777802,3.663787
4.9207406,2.706457
1.3588821,3.7545183
8.138247,-1.3831125
4.9653673,2.6282094
-3.5793216,6.4231386
8.757752,-0.9233862
11.155561,12.271284
-0.6027102,2.5537121
0.4540176,8.882074
-2.484084,2.125559
2.4500504,4.8603406
6.4288936,2.0671535
11.202844,12.8144655
8.371424,1.2221901
5.7485228,2.5643
-2.1334746,1.558658
-1.6543323,5.257997
7.6749187,2.6029105
-2.6041381,5.5880003
9.422709,11.541122
8.593544,12.393101
11.320703,12.431456
5.4646,2.2838793
6.9569616,3.1123776
-2.4308662,2.062266
6.784907,2.714788
0.9435402,5.5573125
9.736836,12.68063
-1.1988088,0.46805075
0.20714827,5.665662
3.076008,4.5169024
-0.2802447,8.347596
1.4601135,4.9540253
-1.9776883,1.8445154
8.697572,11.250182
-2.7985327,6.3289123
-0.6197174,2.106816
9.828145,9.117912
0.894405,9.051381
7.1528625,1.7517745
0.24868503,5.9863
6.4489975,2.0685759
8.507391,-1.0157146
1.184822,5.600654
-2.6524174,5.5936584
8.324667,11.435468
5.1239977,3.1964514
-3.1736772,6.4864936
8.695326,-0.6312796
1.3510039,5.074093
9.572131,13.158197
7.6275983,-0.5642629
-2.7223852,5.115147
10.945147,11.956845
0.99257845,9.076427
7.6966677,2.838601
-3.023221,5.239054
8.037712,-1.648579
-0.7316733,0.7492646
10.927004,12.866442
9.022422,12.433627
8.350858,-1.2558463
-2.4335437,1.5008497
-1.2286886,2.6280074
11.444142,12.268758
-2.5770514,5.7801375
7.817784,-0.508771
8.6741295,11.425579
8.329291,1.2561535
10.317413,11.614515
5.274027,2.3690352
1.7142861,4.8112698
2.9370193,4.44105
0.09831639,6.2117295
7.791677,2.9669716
9.018597,12.011563
6.899878,2.8161247
9.136458,11.624761
9.572666,10.103404
-1.6642503,1.8744895
10.45681,12.668008
10.717109,11.9989605
7.6306095,2.8904147
-2.2927854,6.394229
9.722136,9.460001
10.978187,12.01262
8.527552,11.4396515
5.226262,2.1600132
-0.74972606,8.306404
9.72494,12.570264
9.260764,11.743048
8.930657,11.036221
8.463004,11.482583
6.625585,2.0853777
11.068602,12.089969
-1.4051971,0.37469682
10.529164,12.694778
7.8072414,1.5978744
-1.3075559,0.4727017
2.693292,4.4051332
10.23484,9.294614
9.531858,12.41653
10.985297,12.79513
10.341372,12.883082
1.5296862,4.8082585
8.806757,11.301192
7.326821,3.1936214
5.3229494,2.2000847
0.9980077,9.077907
10.778538,11.807739
-0.5096327,7.646579
9.385387,11.910176
1.3062999,4.0679317
5.465934,2.7664263
5.4682183,2.708799
4.9473987,2.7201924
0.29436582,5.240748
10.623003,12.795549
8.324184,11.976763
11.309514,9.447409
0.89039755,3.6817472
0.7727971,5.9875193
7.898536,-1.6488723
-2.4207804,6.441769
5.5787096,1.9992899
-0.18813577,7.5124245
-1.1639678,0.35197714
8.410543,-0.40100655
8.275968,-0.65590155
-0.9449002,0.7638087
-0.94239455,1.438379
2.2411368,4.8237886
5.62107,2.8109946
-2.488941,0.99544036
6.343484,2.1681497
2.1735532,4.6437116
5.9850025,2.4238496
-0.9533102,8.351501
-0.422966,7.2925506
-2.522047,1.0979742
2.0487435,5.1686473
8.565289,12.252795
-2.685024,5.291025
-0.95560807,7.911305
-1.3486986,4.967125
9.598806,13.291761
-1.3069814,1.3996269
0.56442016,9.28277
6.438556,2.0539603
8.733717,12.613151
9.236402,11.707245
8.5740595,11.9660015
-0.55497104,2.2950025
-2.6028895,1.6629958
0.24798512,4.7370944
8.664208,-0.7573024
11.54892,9.653626
7.823102,1.5164495
5.1690044,2.878953
9.532289,12.857121
0.34651405,6.079417
8.753102,12.3136015
8.529823,12.129183
11.100148,12.114749
8.6026945,-0.7641748
11.387303,12.053684
0.7499656,9.36099
-0.44831243,5.094073
5.290905,3.0718179
8.300346,-1.0061344
11.47154,9.529428
8.869813,12.054823
-2.7140749,1.6674762
1.8381302,4.6331906
6.551173,2.5733378
6.1417007,2.3414345
11.459483,12.27605
-0.77541333,2.8260944
-2.9994242,5.3658338
-0.30440027,5.8675084
6.15596,2.755841
1.5036423,5.0667343
8.499215,11.67757
-2.7953055,1.3560218
8.525537,-0.7888914
2.4267685,4.3086176
-0.07399727,7.4273696
7.4606915,3.0223684
-1.0428073,8.275615
-1.2162269,0.36327657
9.456903,10.481007
9.039151,13.18955
9.557851,10.18628
-3.2877011,5.308106
11.357348,9.882638
-2.4605992,6.3943577
-0.76112425,7.488308
-0.6834986,2.6316004
-0.075680465,7.7658386
-2.6204762,5.616652
1.4995961,5.430678
7.88135,3.1399963
8.736499,1.3185196
7.3650923,1.9456824
1.8619896,4.177244
9.315919,13.080799
10.547684,13.109976
9.544178,12.075496
0.99649686,9.04693
9.344675,13.093095
11.294358,10.04859
-1.3516417,0.44939965
8.461967,-0.39063177
-0.2318399,8.288445
-0.078670226,5.0976067
0.56897455,5.711538
-2.5523472,2.2298703
11.609993,9.66076
8.925574,11.495868
-3.6909919,6.225379
8.2069,2.1419528
0.12665603,7.1169896
1.9950914,5.3236184
-1.4856362,5.058162
0.4579811,4.8547053
9.042307,13.260555
-1.3447881,0.35004
8.296749,12.011331
8.5212145,-0.27936703
-0.8781265,7.7724643
11.11686,12.634598
-1.2495373,5.1387315
10.260929,9.827392
10.915206,11.933647
9.659542,12.415475
0.88431746,3.7601175
1.0074325,4.6920013
10.500358,10.994665
8.831324,-0.73780936
0.8167544,5.9337583
-1.9698418,1.6997387
10.578456,12.930739
4.90982,2.5079856
11.323717,9.921444
8.586706,11.4753685
-0.4735091,7.5762963
2.5587077,4.6689754
0.30748057,4.8097067
-1.3666724,6.143986
10.130041,9.970076
9.272593,13.350289
8.601027,11.275606
-0.6954408,0.59325695
6.6378994,2.0870643
-0.89220554,7.741428
10.422848,12.842063
-1.1790166,5.091999
9.112483,12.132078
-2.3921485,6.385619
11.460235,12.476344
0.24577853,4.6254272
7.7974167,-1.157662
9.579094,11.450087
-2.5966682,6.482621
10.302154,12.632242
8.395093,12.339797
7.564603,1.4821025
9.218182,11.548869
8.449967,-0.42006075
-1.3614275,0.3219255
5.983891,3.1509087
5.5605087,3.1120155
11.217639,12.438994
-0.89399767,7.904882
1.7350986,4.5461063
10.128168,13.2536545
0.48321512,5.8851156
-1.7210536,5.5370083
-1.1353142,6.0215874
-3.4486568,6.406992
10.906154,11.820556
0.24274045,7.3404617
10.638642,8.821382
0.6841145,5.815692
-2.0249736,2.238821
10.761773,11.91637
10.5389805,12.184873
8.711996,-1.0094168
11.470596,12.18318
7.89822,1.5482261
1.2592041,3.5831144
-0.65752935,8.372426
9.723526,9.567947
10.51951,9.003912
-0.12612355,5.1293807
5.641377,3.074862
-0.9625108,8.305731
7.8150167,-0.5669368
7.5877934,2.520463
-0.9591904,5.3170943
7.3246937,-0.7327792
1.8041836,3.7370546
-2.5207212,1.4109539
11.3399725,9.469059
10.816124,11.768358
0.76274717,3.7805386
8.064273,-1.5494688
-3.5161898,6.538782
2.4946575,4.191112
10.811338,12.707242
0.0048866095,6.7257037
-0.9922528,1.5218014
10.950997,11.984151
11.455186,9.478407
-0.98562324,5.3121367
1.772043,5.3331246
-2.9494276,5.5137415
8.214194,1.2939186
7.6816263,1.5275216
10.651733,11.5996
-0.18927975,7.795608
-3.3525624,6.460204
-1.0275509,2.7105882
-0.14316939,5.504001
8.328229,2.9179327
10.771819,11.136821
2.3979032,4.3219647
-2.6920316,5.536693
9.115081,12.375724
0.5601286,6.6060266
8.5833025,-0.9821586
-1.2786137,2.3953
9.423227,13.093161
9.522177,12.061913
2.3727973,4.717655
-1.0449808,6.090478
-1.0452716,2.7056448
-0.17926258,4.8605824
8.844008,12.054397
-0.295294,7.1092215
1.1279548,5.109853
0.33737668,7.559096
-1.8697428,1.8717508
9.154389,12.326005
10.505661,12.379353
10.730277,8.923406
10.806078,8.96566
9.044166,12.392915
-0.5293437,2.2493663
0.88430226,9.154588
0.19618018,7.0266185
-1.1580428,1.430557
1.2264338,5.5972357
7.9079914,-1.574519
11.020765,12.863759
-0.59005123,5.0916524
-1.1884992,5.478914
5.2143016,2.2249973
8.676806,-0.7222083
7.640987,2.8443563
8.039711,3.3807175
-2.4755852,1.8380901
5.6769423,2.3074133
-1.0426533,8.263094
-0.8415809,0.47305477
10.940826,12.495122
5.118166,2.3543127
7.0909667,2.9858553
7.015088,3.0639334
-0.97235227,1.3797724
5.3379316,2.3473709
0.35818103,7.291112
0.9008029,3.8652418
8.835494,10.978189
2.5483904,5.2921576
-2.338481,1.043171
2.4308624,4.744049
0.25202864,6.9726467
8.280144,3.205781
9.09807,11.394141
-0.01875137,4.9856515
8.264752,12.3590555
9.67025,9.100722
-1.3016874,0.47079095
-2.2612915,5.6810007
-1.0775192,5.895973
1.9585646,5.1880674
1.7611777,4.726345
8.40856,12.292392
-1.594735,2.2959857
7.759933,-1.2359302
5.7451096,3.1459785
-1.0300983,1.555878
8.45411,11.434144
8.051957,3.0663633
8.630463,1.4291196
-3.1701229,6.028047
10.597592,11.659005
-2.3708992,1.3915627
8.54274,-0.96640414
1.0011077,4.585681
10.726701,10.913013
-2.8580015,5.419402
0.28567964,6.1619053
-1.2974398,0.5147783
7.4500604,-0.9382064
-0.719119,7.5109134
7.6131244,2.5176194
-2.6522892,5.710136
-0.26304165,7.90158
1.9907435,4.9026165
0.21767418,6.974482
8.451152,11.641435
-2.9953458,5.886655
8.026301,-1.0514185
8.34473,1.2783052
-1.4780724,0.8248793
4.9022346,3.2898736
9.173502,11.018414
-1.0170943,7.2701907
11.604107,9.673166
8.729189,1.338683
-2.4840777,1.9839815
-0.5241293,7.7272506
0.63899195,4.9148135
8.727529,11.292271
1.0973744,4.662927
2.0571892,4.0093565
2.2206912,4.773719
5.5730004,2.5530999
-0.995097,2.4288104
-0.1056461,5.5639157
2.2327418,5.1373754
-2.6328363,1.018603
9.564003,13.097875
8.824067,-0.7040538
11.29889,12.634713
8.435155,11.657128
-2.3555691,1.5582882
8.130112,-0.96557456
10.164936,13.271837
-0.81719595,2.677414
-2.5037267,5.887781
-0.28510183,6.0520325
10.910199,11.7681875
9.257285,11.124936
5.402434,3.0261257
7.0911355,2.6920693
-0.7344633,2.614911
7.909467,1.6035922
0.9802435,3.6543133
-0.3694826,8.351299
-2.0305493,1.9190661
11.061403,12.316361
0.10287025,5.835432
9.221949,12.776776
10.441842,11.4489155
-1.1250435,1.532293
10.189287,9.840114
10.424317,9.41073
8.127553,2.9892483
-0.19834422,5.030191
-0.5027211,0.9349353
8.796813,12.903732
9.944632,11.170011
10.177937,9.735998
8.176377,3.4238396
0.32514152,8.403213
8.633275,-1.0325879
8.641975,-0.819358
0.50355655,6.783675
-0.6840853,7.55501
0.8168725,4.936732
9.498643,13.1373415
7.6598325,-1.1404382
0.35029328,6.670554
8.277059,12.04202
10.753297,8.950681
7.3523865,-0.7852064
9.095313,12.817199
0.3080548,4.7426343
-1.4415687,2.5143745
8.517784,11.380672
8.975376,11.151213
0.94481003,4.6303844
1.4108996,5.392696
11.050552,12.237031
-0.17756674,6.001682
2.3784575,5.3340435
0.57463557,6.7224708
8.25257,-0.6724749
-1.0400075,5.947341
-0.7416362,0.7348063
-2.3583713,1.9297018
-2.6329918,6.540989
8.761584,12.058783
-0.18310578,5.8045506
2.012852,5.1958222
7.348366,-0.756561
0.40755373,8.812601
1.0453751,3.8681278
9.942453,9.126225
-0.3257093,7.3139153
11.547192,9.616123
9.353297,11.74585
-2.6540732,6.4145555
-1.5468197,1.9806459
2.2926435,4.637639
10.5039425,12.182416
1.5164434,4.691257
-1.7374685,5.7720594
9.494154,12.994035
9.874446,9.244783
7.461655,2.6610038
7.265793,2.7871764
-1.1245005,6.0010586
-0.25478756,5.5184755
0.9139401,3.7866318
9.675164,9.11437
8.670439,1.3255934
8.167131,2.6329987
0.69268143,9.325766
9.778072,9.817085
0.41392475,4.8542876
11.025118,12.039378
8.311489,12.257982
10.671741,12.565755
-3.037899,5.3721085
0.49777797,6.142121
9.118017,12.24982
3.0720904,4.499345
-2.4618127,5.768994
10.711943,11.291044
10.617466,12.893106
8.642025,-0.5531276
-1.2147315,2.5987754
0.39824003,8.907736
7.340043,-0.69795775
9.710666,11.388769
6.135411,1.9222318
4.973702,3.1336474
6.767454,2.8451116
-2.4540648,6.1585717
7.115407,1.8745683
0.5103462,6.255922
7.0593996,3.1428003
-0.581994,0.92076063
8.361995,-1.3715091
5.645203,2.2083538
0.7949109,4.505599
6.511053,2.4920204
7.531878,-0.84902763
-3.6802423,6.200919
-0.014137765,5.875635
7.2452064,1.7456079
-0.6106115,1.1128587
-3.1200206,5.2558117
8.338481,11.973408
-0.6551358,0.6346849
-2.03333,1.800784
9.220805,13.127265
-1.3920395,0.48047203
-3.0768454,6.319828
-0.23995532,8.332818
8.582281,-0.22726285
-0.19788282,8.162197
1.067077,4.6649017
8.134028,-1.5453249
7.405871,3.1596608
5.3455577,2.3923993
-1.4291615,1.9881344
-1.6069025,2.317656
0.4364987,5.004729
-3.1633117,6.3120217
6.5175548,2.7103577
-0.0748155,4.7817054
-0.9967931,1.5227278
-0.3157504,5.812928
1.527419,5.467529
-0.21935086,5.4477024
8.154687,-0.62141347
1.2756541,5.3647547
1.3062006,3.6054196
-0.96835256,0.78012425
9.554933,12.91626
7.763656,3.1858592
5.9493227,3.074143
10.500964,9.025156
9.629065,10.172854
-2.2100449,0.9570941
-2.6452389,0.9645806
-1.5975873,0.56755257
10.523937,12.463383
5.2757826,2.004458
-0.5516556,7.5036054
10.219466,9.535016
-3.2303154,5.5177617
-0.89834183,7.935462
-0.6923643,7.648029
8.650268,-0.82573944
11.109988,10.296426
-0.88019687,7.7470627
8.213006,1.2687565
8.990526,12.75663
8.084247,-1.5918878
7.3315377,-0.58743745
-0.5359782,0.92840856
-1.5885884,2.3180485
10.556334,8.800665
9.676351,10.085658
-2.695795,5.112947
-2.5896273,1.8569547
-1.4769874,0.4318017
-2.6760097,5.5774956
11.081139,12.2600765
9.497228,13.181212
9.588642,10.186594
9.105509,12.630874
0.24125582,4.675854
8.699093,11.247986
0.75254565,5.971313
-1.7431648,5.3216133
9.579099,12.551582
10.69243,11.901896
7.6484017,1.5155764
10.106097,9.669431
9.552523,12.098173
7.8240066,3.4273653
-2.0799363,1.8376708
11.47721,12.218415
9.997414,10.038155
6.0888033,2.320423
1.367792,5.5326676
-1.4661574,0.2818
-3.361368,6.499056
-0.67636144,8.402579
5.9863696,2.7782645
-0.27423286,4.894154
8.458545,11.661547
-1.387819,0.38208032
2.337062,4.34303
-0.5849747,0.8387494
-2.4126923,5.6698003
8.040542,3.164644
2.212161,4.134623
1.1971278,4.722487
-1.5518407,5.6113596
11.063997,12.151555
0.22969078,7.244818
11.41243,9.475856
0.7667361,4.9209127
3.026569,4.5220747
0.99399143,4.6764956
0.47601148,8.863004
-3.1776445,6.018765
2.5461526,5.0706515
5.3076687,2.8319623
8.251145,12.344943
-0.5023501,2.2886395
2.0022256,3.9444551
-0.016948009,6.1470833
1.3146037,4.647293
7.954352,-0.5174328
9.18304,13.302764
0.6532181,5.1529036
-2.5378861,6.463263
9.59308,13.056824
7.6545134,2.8697357
0.9083412,3.698091
2.1953127,4.4138246
8.931161,11.958599
-0.85826707,1.809179
8.241989,1.2781048
-1.3104491,4.997549
-0.81040543,2.5973768
11.063713,11.7468405
8.925451,10.780269
1.5560569,4.768655
2.5637126,5.139123
9.6569805,13.310892
1.0134318,4.788762
9.549977,13.301422
7.708004,-0.7978719
2.4105048,4.278061
9.442477,13.246373
10.574426,8.778296
7.0156264,3.161568
0.24038729,4.6877356
-3.7085521,6.2319813
-0.5710607,7.6257496
8.1970625,2.5639806
10.972527,12.732675
9.388444,12.759506
7.339613,3.2395332
-0.20983216,8.336718
8.217474,3.4728358
-1.1026074,2.651485
10.327858,13.220578
-2.5275817,2.1994371
10.559254,12.636665
-2.4890478,5.9069905
0.94712126,3.831958
-0.7386176,1.407302
0.897584,4.8045425
7.682644,-0.74302214
0.9907519,9.096687
8.751653,1.3192182
7.9597793,3.2822723
10.770677,11.923311
0.92018414,3.6827734
5.3314257,2.4480214
-3.607405,6.439351
1.2846528,4.397703
9.271043,12.829524
8.41774,-1.2839092
5.7647758,2.3853562
-1.108943,7.89645
10.53746,8.823505
11.281875,9.9909725
5.6103044,2.8031154
-0.5536608,0.7639825
6.9420276,2.5978725
9.14257,10.819467
2.7065215,4.6482244
8.887669,11.42107
2.2514744,4.2054777
-0.96854097,0.8503318
-0.87471676,1.5771668
8.201344,3.378336
7.967263,-1.3726287
5.399932,2.998738
-2.6994731,5.1204367
-0.635213,2.3436453
-3.0288668,5.3195004
4.8032937,3.3283012
-3.4894915,6.531937
6.3812027,2.5412593
5.126367,2.3812628
1.5773442,5.503133
-0.83732027,2.699296
-0.5483321,2.6107323
11.059655,11.724606
-2.6048582,2.2792122
10.963674,12.9314575
-0.62544847,7.9927645
-1.2925447,4.9830256
-0.31368273,5.930087
-2.5327237,0.9823722
8.511318,11.584221
9.819631,9.067458
5.62226,2.5843725
-2.1580117,0.9264612
8.7457,11.533279
10.728298,11.811879
-0.01488982,7.128039
10.769539,12.457128
8.801455,-0.69370556
-1.1591516,1.5327505
9.5592985,10.261465
-2.7061713,5.114719
9.120838,12.629664
-1.0046493,8.237097
9.138655,12.598856
0.73995453,9.216112
-0.14669926,6.0675673
7.370184,1.8399408
6.387139,2.0478034
-1.1674967,0.6886874
7.5805717,3.081535
2.453203,4.604461
-0.16153833,7.8402047
-0.15115976,5.2434716
9.582366,12.849212
11.076966,11.749813
-2.4507031,1.7262523
-2.696579,1.656324
-0.9033966,1.1120739
2.0981991,4.535968
6.0695977,2.1117373
0.0006790782,5.8348274
0.8002417,5.9466867
11.185977,12.832818
10.507204,8.893825
10.161123,12.4328
7.548352,3.3004575
-2.6665788,1.0784756
2.3098447,5.120935
-3.401082,6.081592
7.567423,2.4662619
0.476569,6.189293
0.5181427,4.457517
-0.28622013,7.2090316
-3.192554,5.3333488
8.723426,12.889529
7.3184185,-0.683672
-1.8302104,2.1735606
-0.21885112,6.020911
5.255862,2.852115
10.468147,11.030931
-3.608787,6.428172
0.5629584,8.755675
2.102781,5.0652633
-0.1903127,6.675236
-1.3492279,0.36175886
-3.2017188,5.838317
-0.8572819,1.9318398
0.06553757,4.555527
6.1535597,2.356413
9.232315,11.676474
-2.5774908,1.002885
-0.74485385,8.393159
-1.1064532,0.52846664
1.4681828,3.4733791
-1.2401325,2.7306623
0.740615,8.4535265
1.716412,5.606064
11.171288,9.762376
0.058879867,6.011732
10.908194,12.426142
10.120574,12.188171
8.576579,-0.92159516
-2.5001113,6.5464025
10.621833,11.920545
7.6796002,-0.8795792
8.182813,12.173906
7.5803757,1.5767053
7.751531,1.4549284
-0.31425977,6.0047708
1.5631012,5.3971257
0.57184607,5.7510314
10.869606,12.572719
7.6816473,-0.46243897
-2.097283,2.2694058
5.4181976,2.818231
7.9191785,-1.2061563
11.4431505,9.475145
8.581635,1.2855054
1.1461627,4.538822
-1.3060112,0.5384397
0.9345757,4.2769413
1.9996058,3.9457898
11.353046,9.539809
9.19208,12.981655
8.841311,12.371289
9.490716,11.40895
2.2843084,4.1935163
10.543379,8.811995
-2.2583146,5.2903743
8.482948,1.2946451
-0.23962446,5.6413097
-3.4863644,6.4306617
9.205621,13.09997
-2.560496,1.7575431
-1.1756855,1.3383754
-0.16965324,7.851757
-1.1296932,5.9629016
-2.607358,1.6671529
11.354787,12.54083
0.2652826,4.697003
5.4178023,3.0333009
10.574684,12.64635
6.0628295,2.3022444
11.157157,12.418537
-0.9291434,7.920803
8.725542,1.3452846
9.798109,9.108693
3.411636,4.384159
-0.579655,1.0309937
8.9737,10.734599
8.106821,-0.55755556
2.907681,4.401975
2.2706048,4.201871
-1.2572927,0.4509784
7.75026,2.9672236
0.3808786,5.183559
0.545063,9.26146
-0.7045092,8.39338
1.0292073,4.3298545
-1.2371296,5.2382054
1.9504708,5.0516887
-0.0065361033,6.897024
8.569289,12.341369
1.7648433,4.3862605
-2.4687054,6.117012
9.084459,12.479577
8.2927685,1.2339824
-1.4003552,5.0399003
5.257337,2.9867728
-2.7495553,1.1865627
-2.1763873,2.094187
1.3089817,4.7531166
-2.6031263,5.701574
8.562921,12.370301
10.720626,12.975918
11.3307495,12.062031
7.1211677,1.8915719
7.5646825,1.9351585
-1.6171707,1.8532436
8.618641,1.3175833
1.2660087,4.42382
2.068428,4.6389008
-1.3260623,0.38790902
10.247464,9.513207
7.9956894,-1.5087821
9.54457,13.216599
5.08586,2.7469
4.9673657,2.7309117
7.241966,-0.54163116
8.521292,11.691913
-0.87162024,6.027128
-0.3036308,8.434293
-1.6326743,6.23132
-1.3420559,5.0430603
11.084076,9.697271
8.926985,11.69644
5.283552,2.309872
9.180062,12.957673
10.4801,9.0932665
8.993012,11.410201
5.2119346,3.0375195
8.414328,11.926905
0.7491083,4.1845
-1.3432416,5.230221
8.256429,1.3472917
6.159016,2.154942
7.6744237,-1.1690985
8.63126,-0.16496971
-2.555755,1.8169943
7.208982,1.9104462
-1.3504859,0.4242946
2.4244864,4.8221064
2.2856646,5.327081
8.599323,1.3504575
1.3905244,5.534787
1.8398979,4.643757
0.74124604,8.511725
2.3477612,4.626203
7.5589395,1.9145395
9.498079,12.953658
10.84519,8.980395
-0.35013086,7.7119164
8.24564,2.0764987
10.355288,9.670865
11.115447,12.673361
9.347379,11.736198
-3.156422,6.428741
-1.6681838,1.8398541
7.985053,3.4391649
10.229462,9.187692
-0.73233277,8.283284
9.543552,11.102289
8.70468,1.3379824
8.776556,-0.97263956
9.883828,11.28995
0.33898398,4.811657
-1.5695018,1.9423076
7.427216,-0.8010526
-1.1472768,5.1133456
-2.8982809,6.467594
2.138604,4.6978846
2.1233308,5.1075606
-2.0923579,1.5060285
8.694637,-0.7984092
9.302368,11.543597
7.308369,3.2309983
-2.5525548,1.9420047
-1.0506365,1.1307901
5.8958874,3.0601122
7.6554146,1.4861504
-1.7544633,2.552291
1.794324,5.6122346
1.925717,5.183866
2.2783885,4.09037
-0.8037133,1.295709
7.322119,-0.7168199
-2.7137916,1.7590381
0.97748536,4.827447
5.1536736,2.2628336
7.9498067,-1.6126697
9.462978,12.771604
11.253971,12.617563
-1.9615334,1.8222505
5.3948326,2.0379808
8.973567,10.817349
9.374211,13.342867
4.802999,3.2756197
-0.8128052,7.631497
1.1042414,5.7592473
10.545172,11.920395
-1.6929935,2.6087036
-1.4371287,0.31860325
0.79924315,5.5251455
8.534102,-0.45925626
8.6888075,-0.56715316
2.0868123,5.1824737
9.753524,11.449121
-3.1462145,6.026533
6.158623,2.3360944
9.520736,12.604128
8.250566,12.271884
-0.87100977,8.242377
7.8553057,2.7510078
-1.3835715,5.6143847
0.9345376,4.430503
-3.0681021,6.4561806
-2.3135908,0.98275626
-1.9305173,1.7517289
9.306727,11.80108
-1.0709555,5.500755
-0.12901111,5.5563626
4.9989524,2.4431484
-1.1051469,7.779623
10.856386,11.904614
7.600963,1.4324719
8.976432,11.341687
-0.5520608,2.1986992
9.040159,11.292388
-2.9901245,1.4137422
9.690609,9.127706
0.17101167,5.615256
7.8777223,3.157713
11.326683,12.544661
-2.4873428,5.9495115
8.68602,12.148502
9.317908,12.347144
11.28954,12.319502
5.2806334,2.3847997
8.380776,-1.3288195
10.440618,9.127611
8.705024,12.182558
-1.3222616,4.9277864
0.8156862,4.332911
11.3286705,9.402433
6.0189614,3.1011803
2.1636515,4.9441204
9.125464,12.224076
7.2476397,-0.65825784
-1.0017774,0.91135204
7.6848817,2.9343512
-0.49409816,5.217205
8.880418,13.096228
7.6130204,1.4790534
2.9961607,4.515598
8.132147,-1.5231906
6.0155997,2.2213948
7.0496736,2.9213474
11.390346,9.397087
10.470883,10.952289
9.608948,13.185583
1.03838,4.5963583
5.1961737,2.1440651
8.948365,12.81261
-0.21309964,8.296345
7.263594,1.6613964
5.286968,2.5434785
11.402684,9.438846
6.2120857,3.065832
-1.3994938,0.3714863
10.763212,12.89976
2.0262794,4.773753
-1.6385955,5.4021673
8.696224,12.927958
8.840746,13.096322
-2.6614544,5.655389
5.921487,2.5172946
10.461079,12.589322
6.6760135,2.5329924
0.7618857,9.305594
10.923197,11.773511
10.312942,11.688484
1.0830991,6.215549
-1.2896369,1.3994291
11.438677,9.579278
8.998924,10.705287
7.4581914,3.2676847
0.27117455,6.010834
9.273776,11.746812
1.21564,4.9293647
-2.6487994,6.4257455
10.114141,9.682015
-0.6939557,7.523685
9.966113,12.761669
4.8244977,2.9596674
8.703193,12.621192
1.8076249,3.742898
5.2547245,2.1602643
6.4444723,2.69533
9.66155,9.100464
7.862278,1.5236204
11.385186,9.839128
-0.8941356,1.3841597
7.7944694,1.6956767
2.42585,5.3038783
10.850363,11.921527
11.156597,11.875348
2.7697527,4.554941
-0.6058124,8.422191
0.91070503,3.687706
8.960741,11.991939
10.441489,11.817685
1.472298,4.5644484
-0.981829,0.85417354
1.0276927,6.31776
-0.37444943,8.028783
-1.1885827,0.48924127
2.4645152,4.9331427
-0.50495887,0.78668034
6.404043,2.184674
5.4561715,2.254799
0.14703935,7.560276
-3.15497,6.309212
8.373426,11.368519
-1.7825105,5.675646
8.30016,3.1848724
9.307485,13.165182
-0.90406233,7.3798294
10.772135,12.006017
9.358033,12.793284
1.9011766,5.316479
7.6864905,-1.2127819
-1.5738626,5.595533
10.939674,9.887062
1.2921815,5.6281066
10.734968,11.835781
8.899941,12.283383
11.017545,10.040999
10.897825,11.810407
-2.9653516,6.398115
6.315753,2.7184515
11.165891,12.762386
8.482959,-0.94162184
2.188704,4.851366
11.2820635,11.920845
-2.56868,0.9928686
7.719044,-0.97435796
7.3275375,2.6928802
9.423566,13.007064
1.9023091,4.956744
1.9371248,5.215199
10.616654,12.009724
8.517167,11.311564
5.9405384,2.861012
7.635206,2.5386531
-1.5678471,1.9052968
-1.1945599,5.0795193
-0.47251675,0.97914654
0.06995157,4.894813
10.068765,10.110061
8.457415,-0.35789216
-3.5706,6.422297
8.215523,1.9824255
-2.4600601,5.684662
8.243457,2.0701346
9.375851,13.199338
0.25104168,7.2087884
7.3228765,-0.69557434
-3.1759353,5.4190125
-1.651774,2.2193346
9.706507,9.496999
-3.2016795,6.0976768
0.63546026,6.1340237
11.42549,12.32335
-0.80623144,7.3884096
11.334027,12.127271
5.022442,3.1146264
-2.5500658,2.1722622
8.968232,11.10724
9.539353,11.893341
0.5778913,5.7944646
-0.3634408,5.276685
6.915472,1.8169396
8.1923685,3.1422625
7.495634,1.7567583
-3.0094714,5.2377324
11.214221,9.704863
8.477585,-0.4006996
-2.598887,6.2183733
2.528716,4.3455606
6.4464984,2.6889474
6.8250084,2.5655084
0.50704026,5.093042
10.883116,12.359162
8.168106,2.622815
9.24504,13.092054
2.639631,5.418761
10.566301,11.992367
-0.5512573,0.7624523
9.727682,9.141356
-2.4771106,2.1743627
8.082483,-1.0259863
-2.0219395,1.8910369
-3.3016114,6.4748607
-0.97127336,7.746926
-2.515094,1.8401183
1.1346374,5.201761
1.21217,4.446376
-0.25255704,7.8428607
-1.99172,1.6747984
11.116808,9.800078
0.095433235,4.479216
1.0137366,9.106439
5.330644,2.4405227
1.1222048,5.294307
-2.818584,6.278843
2.292994,4.4176874
-1.9009476,5.622591
0.5794746,6.2536807
2.142624,4.3231597
5.637888,3.214186
-2.5052412,5.9113154
9.418642,12.531327
10.955832,12.400243
1.7767285,3.845148
-3.6483715,6.363896
-0.3404959,7.342984
-1.5170559,5.18402
7.170857,3.2029655
-0.76039654,6.217205
8.872463,12.050117
3.0262818,4.4450145
9.307665,11.573164
-2.2032065,1.5678177
7.3153963,-0.7088936
5.296194,3.1520047
8.541047,-0.7974148
-2.7277722,1.6390749
11.312676,9.934712
4.996415,2.2437634
5.397938,2.9700158
0.28157508,4.704449
-2.42288,6.317381
8.641955,11.18003
-2.4451034,2.0829513
2.2699647,4.1880727
5.0674176,3.1191363
9.995734,9.933569
1.6997397,3.685274
-2.4523747,6.522917
-2.5762997,6.192532
-0.23740035,5.154671
2.4272635,5.021993
-3.1655154,6.0785127
10.501165,10.986393
9.137785,13.1079235
5.6960735,3.1262138
-0.8426749,7.8969693
11.097197,9.386735
-2.7262423,5.185189
-1.0408474,5.1876206
8.959605,11.933966
1.8133563,4.55597
8.818588,11.535341
1.9911966,5.0536923
7.6859694,2.519267
-0.18839726,7.8211884
8.303744,-0.3255335
10.663234,8.888422
0.60507786,6.120388
10.437911,12.745648
0.057851586,4.4990563
-0.8340833,1.1524839
9.471903,13.167638
7.7535777,-1.0049669
1.0946447,3.665296
1.2488631,3.6106818
-1.2591219,0.33359578
1.362488,5.382836
0.576054,9.313807
0.90387547,4.850099
10.572551,8.87091
0.5932283,9.325123
0.21660691,7.2173705
6.2510004,2.6604385
-0.2649777,5.9160233
11.054952,12.932554
7.3205776,-0.6276955
9.17454,11.083979
-2.7196822,1.639014
-0.2916613,7.6355634
-0.26798996,5.8275905
1.0812964,5.0135365
0.4296376,8.917289
1.254733,5.158779
10.904411,11.937393
8.247152,3.1174507
-1.056118,8.284829
-0.54671735,0.83931017
-2.7284884,5.1284323
1.7928846,5.3182383
-2.722661,1.6355115
8.433054,11.720577
0.46957552,5.2011766
8.521848,11.297256
9.046241,11.420884
-2.2217991,1.2716229
8.213406,3.3991828
11.422404,12.568148
9.031108,10.559329
0.9197278,9.184312
10.348216,12.329729
0.17908922,5.5022087
7.797563,-1.1632127
7.6220207,2.9098103
6.9084773,2.5328393
8.071914,-0.5585116
7.6951995,2.831994
-2.6789024,1.1625915
7.826892,-1.5025691
10.091825,9.824403
5.6140304,2.6472378
10.276729,11.871571
-0.20731463,8.359198
-1.5544128,0.55859256
-0.7402526,1.9774551
0.22240292,7.336038
-1.4248427,0.41439483
9.4905,12.5395775
-2.7509239,6.349662
7.731213,-1.1022097
-0.7518491,8.403624
0.41093442,8.723934
8.766196,-0.7396067
-0.17836857,8.107752
0.4788738,5.171829
6.892915,3.0610266
1.8910859,3.847692
-1.4063592,5.8211126
0.6333962,5.4840765
10.942418,11.9524765
8.376405,1.2902294
7.8218727,1.5151031
4.8055615,3.2682528
11.157331,12.696399
9.904868,13.311062
8.019976,-1.5681039
6.0489855,2.417539
10.698251,11.0713
2.3966908,5.0846853
1.2209983,5.0615616
0.41427413,5.1884727
9.256331,12.3411
10.992893,12.52051
6.3604636,2.0417511
-1.1476167,5.0742087
-1.1518922,5.964212
-3.1368992,6.172312
-0.18839064,5.0236764
9.652605,10.098956
8.46691,1.2441806
0.30593365,7.583032
2.5971284,4.635425
1.6919123,5.5217376
8.277946,12.162409
9.542602,11.911589
0.3931868,8.537925
11.175697,12.583403
7.7757077,-1.364769
10.177649,9.73051
9.730127,12.670621
2.0541353,4.0240693
8.256088,-0.7204906
11.2466955,9.687801
-1.2553806,5.440853
-1.7332418,1.6995958
-2.7920449,1.3734018
8.702672,1.2944773
5.983657,2.7914104
6.404037,2.0522275
2.352416,4.944325
9.685834,9.093268
7.66233,-1.1831925
2.645077,4.35445
-2.7237852,1.7218173
0.7327752,9.327336
7.808681,-1.1611146
6.2247334,2.0247264
8.696925,12.341837
8.454143,-0.7677273
11.342412,12.5452795
-3.30244,5.6610518
-2.515588,2.2209299
-2.6823921,5.6944547
10.3406,13.252105
-3.155487,5.829709
-1.0223824,7.2285256
1.0720788,5.39073
11.409618,12.357287
0.4675822,9.079562
-1.5614128,0.5381594
5.8292327,2.479636
-1.2574824,2.5990086
-1.2017397,2.7491035
6.3176517,2.6488647
-2.6624503,1.0035213
8.147453,3.4140987
10.69029,11.109393
11.480824,9.793847
-2.4854693,5.983737
2.057756,4.5277348
-0.5111906,2.290399
11.041134,12.422203
1.4011556,5.470044
-1.1425878,1.4871083
