Jakosc,Powierzchnia,PowierzchniaPiwnicy,LiczbaMscGaraz,PowierzchniaGarazu,RokBudowy,LiczbaLazienek,Powierzchnia1Pietra,LiczbaPokoi,TypGarazu,DlugoscDzialkiPrzyUlicy,Sasiedztwo,Cena
7,1710,856,2,548,2003,2,856,8,Attchd,65.0,CollgCr,208500
6,1262,1262,2,460,1976,2,1262,6,Attchd,80.0,Veenker,181500
7,1786,920,2,608,2001,2,920,6,Attchd,68.0,CollgCr,223500
7,1717,756,3,642,1915,1,961,7,Detchd,60.0,Crawfor,140000
8,2198,1145,3,836,2000,2,1145,9,Attchd,84.0,NoRidge,250000
5,1362,796,2,480,1993,1,796,5,Attchd,85.0,Mitchel,143000
8,1694,1686,2,636,2004,2,1694,7,Attchd,75.0,Somerst,307000
7,2090,1107,2,484,1973,2,1107,7,Attchd,,NWAmes,200000
7,1774,952,2,468,1931,2,1022,8,Detchd,51.0,OldTown,129900
5,1077,991,1,205,1939,1,1077,5,Attchd,50.0,BrkSide,118000
5,1040,1040,1,384,1965,1,1040,5,Detchd,70.0,Sawyer,129500
9,2324,1175,3,736,2005,3,1182,11,BuiltIn,85.0,NridgHt,345000
5,912,912,1,352,1962,1,912,4,Detchd,,Sawyer,144000
7,1494,1494,3,840,2006,2,1494,7,Attchd,91.0,CollgCr,279500
6,1253,1253,1,352,1960,1,1253,5,Attchd,,NAmes,157000
7,854,832,2,576,1929,1,854,5,Detchd,51.0,BrkSide,132000
6,1004,1004,2,480,1970,1,1004,5,Attchd,,NAmes,149000
4,1296,0,2,516,1967,2,1296,6,CarPort,72.0,Sawyer,90000
5,1114,1114,2,576,2004,1,1114,6,Detchd,66.0,SawyerW,159000
5,1339,1029,1,294,1958,1,1339,6,Attchd,70.0,NAmes,139000
8,2376,1158,3,853,2005,3,1158,9,BuiltIn,101.0,NridgHt,325300
7,1108,637,1,280,1930,1,1108,6,Attchd,57.0,IDOTRR,139400
8,1795,1777,2,534,2002,2,1795,7,Attchd,75.0,CollgCr,230000
5,1060,1040,2,572,1976,1,1060,6,Attchd,44.0,MeadowV,129900
5,1060,1060,1,270,1968,1,1060,6,Attchd,,Sawyer,154000
8,1600,1566,3,890,2007,2,1600,7,Attchd,110.0,NridgHt,256300
5,900,900,2,576,1951,1,900,5,Detchd,60.0,NAmes,134800
8,1704,1704,3,772,2007,2,1704,7,Attchd,98.0,NridgHt,306000
5,1600,1484,1,319,1957,1,1600,6,Attchd,47.0,NAmes,207500
4,520,520,1,240,1927,1,520,4,Detchd,60.0,BrkSide,68500
4,1317,649,1,250,1920,1,649,6,Detchd,50.0,IDOTRR,40000
5,1228,1228,1,271,1966,1,1228,6,Attchd,,Sawyer,149350
8,1234,1234,2,484,2007,2,1234,7,Attchd,85.0,CollgCr,179900
5,1700,1398,2,447,1959,1,1700,6,Attchd,70.0,NAmes,165500
9,1561,1561,2,556,2005,2,1561,6,Attchd,60.0,NridgHt,277500
8,2452,1117,3,691,2004,3,1132,9,BuiltIn,108.0,NridgHt,309000
5,1097,1097,2,672,1994,1,1097,6,Attchd,112.0,CollgCr,145000
5,1297,1297,2,498,1954,1,1297,5,Attchd,74.0,NAmes,153000
5,1057,1057,1,246,1953,1,1057,5,Detchd,68.0,NAmes,109000
4,1152,0,0,0,1955,2,1152,6,,65.0,Edwards,82000
6,1324,1088,2,440,1965,2,1324,6,Attchd,84.0,NAmes,160000
5,1328,1350,1,308,1959,1,1328,5,Attchd,115.0,Timber,170000
5,884,840,2,504,1983,1,884,5,Attchd,,SawyerW,144000
5,938,938,1,308,1975,1,938,5,Detchd,,CollgCr,130250
5,1150,1150,1,300,1959,1,1150,6,Attchd,70.0,NAmes,141000
9,1752,1752,2,576,2005,2,1752,6,Attchd,61.0,NridgHt,319900
7,2149,1434,2,670,2003,1,1518,6,Attchd,48.0,Mitchel,239686
8,1656,1656,3,826,2006,2,1656,7,Attchd,84.0,Somerst,249700
4,1452,736,0,0,1920,2,736,8,,33.0,OldTown,113000
5,955,955,1,386,1966,1,955,6,Attchd,66.0,Sawyer,127000
6,1470,794,2,388,1997,2,794,6,Attchd,,Gilbert,177000
6,1176,816,2,528,1934,1,816,6,Detchd,52.0,BrkSide,114500
5,816,816,2,516,1963,1,816,5,CarPort,110.0,IDOTRR,110000
9,1842,1842,3,894,1981,0,1842,5,Attchd,68.0,Veenker,385000
5,1360,384,2,572,1955,1,1360,6,Detchd,60.0,NAmes,130000
6,1425,1425,2,576,1964,2,1425,7,Attchd,100.0,NAmes,180500
8,1739,970,2,480,1999,2,983,7,Attchd,24.0,Somerst,172500
7,1720,860,2,565,2004,2,860,7,Attchd,89.0,CollgCr,196500
10,2945,1410,3,641,2006,3,1426,10,BuiltIn,66.0,StoneBr,438780
5,780,780,1,352,1972,1,780,4,Detchd,60.0,CollgCr,124900
6,1158,1158,2,576,2004,1,1158,5,Detchd,63.0,SawyerW,158000
5,1111,530,1,288,1920,1,581,6,Detchd,60.0,IDOTRR,101000
8,1370,1370,2,484,2006,2,1370,6,Attchd,44.0,NridgHt,202500
7,1710,576,2,480,1921,2,902,9,Detchd,50.0,OldTown,140000
7,2034,1057,2,645,1997,2,1057,8,Attchd,,CollgCr,219500
8,2473,1143,3,852,2004,2,1143,9,BuiltIn,76.0,NridgHt,317000
7,2207,1947,2,576,1970,2,2207,7,Attchd,,NAmes,180000
7,1479,1453,2,558,2003,2,1479,7,Attchd,72.0,CollgCr,226000
4,747,747,1,220,1945,1,747,4,Attchd,47.0,OldTown,80000
7,2287,1304,2,667,1953,2,1304,7,Attchd,81.0,ClearCr,225000
7,2223,2223,2,516,1973,2,2223,8,Attchd,95.0,NAmes,244000
4,845,845,2,360,1982,1,845,4,Detchd,69.0,Mitchel,129500
7,1718,832,2,427,1998,2,885,7,Attchd,74.0,Gilbert,185000
5,1086,1086,2,490,1954,1,1086,6,Attchd,85.0,NAmes,144900
3,1605,840,1,379,1915,2,840,8,Detchd,60.0,OldTown,107400
4,988,462,1,297,1973,1,526,5,BuiltIn,21.0,MeadowV,91000
4,952,952,1,283,1956,1,952,4,Detchd,,NAmes,135750
5,1285,672,1,240,1948,1,1072,6,Detchd,50.0,BrkSide,127000
4,1768,1768,0,0,1968,2,1768,8,,72.0,Sawyer,136500
5,1230,440,2,440,1910,1,682,5,Detchd,60.0,OldTown,110000
6,2142,896,1,509,1968,2,1182,8,Attchd,100.0,NAmes,193500
6,1337,1237,2,405,1998,2,1337,5,Attchd,32.0,Mitchel,153500
8,1563,1563,3,758,2007,2,1563,6,Attchd,78.0,Somerst,245000
5,1065,1065,2,461,1960,1,1065,6,Detchd,80.0,NAmes,126500
7,1474,384,2,400,1995,2,804,7,BuiltIn,,Gilbert,168500
8,2417,1288,2,462,1991,2,1301,9,Attchd,121.0,NoRidge,260000
6,1560,684,2,400,2005,2,684,6,BuiltIn,122.0,Gilbert,174000
6,1224,612,2,528,2009,2,612,4,Detchd,40.0,Somerst,164500
3,1526,1013,0,0,1915,1,1013,6,,105.0,IDOTRR,85000
4,990,990,0,0,1994,1,990,5,,60.0,CollgCr,123600
4,1040,0,2,420,1950,1,1040,4,Detchd,60.0,NAmes,109900
5,1235,1235,2,480,1961,1,1235,6,Attchd,85.0,NAmes,98600
5,964,876,2,432,1921,1,964,5,Detchd,80.0,Crawfor,163500
6,2291,1214,2,506,1910,2,1260,9,Detchd,60.0,OldTown,133900
6,1786,824,2,684,1997,2,905,7,Attchd,69.0,CollgCr,204750
6,1470,680,2,420,1993,2,680,6,BuiltIn,,Gilbert,185000
7,1588,1588,2,472,1999,2,1588,6,Attchd,78.0,CollgCr,214000
4,960,960,1,432,1965,1,960,6,Attchd,73.0,Edwards,94750
5,835,458,1,366,1920,1,835,5,Basment,85.0,Edwards,83000
4,1225,950,0,0,1959,1,1225,6,,77.0,NAmes,128950
6,1610,1610,2,480,1977,2,1610,6,Attchd,,NWAmes,205000
6,1732,741,2,476,1985,2,977,7,Attchd,77.0,SawyerW,178000
5,1535,0,2,410,1979,2,1535,8,Attchd,64.0,SawyerW,118964
7,1226,1226,3,740,2009,2,1226,6,Attchd,94.0,CollgCr,198900
7,1818,1040,1,240,1931,1,1226,7,Detchd,,IDOTRR,169500
8,1992,1053,2,648,2003,2,1053,9,Attchd,75.0,Somerst,250000
4,1047,641,1,273,1885,1,1047,6,Detchd,60.0,OldTown,100000
5,789,789,1,250,1948,1,789,5,Detchd,50.0,OldTown,115000
5,1517,793,0,0,1919,2,997,7,,85.0,IDOTRR,115000
6,1844,1844,2,546,1977,2,1844,7,Attchd,105.0,NWAmes,190000
6,1855,994,1,325,1954,2,1216,7,Attchd,75.0,Edwards,136900
7,1430,384,2,400,2000,2,774,7,BuiltIn,,Gilbert,180000
7,2696,1264,3,792,2007,2,1282,10,BuiltIn,77.0,CollgCr,383970
6,2259,1809,2,450,1953,2,2259,7,Basment,,Crawfor,217000
6,2320,1028,1,180,1945,2,1436,9,Detchd,61.0,Crawfor,259500
6,1458,729,2,440,1999,2,729,5,Detchd,34.0,Somerst,176000
5,1092,1092,1,288,1962,1,1092,6,Attchd,,Sawyer,139000
5,1125,1125,2,430,2006,1,1125,5,Attchd,74.0,Edwards,155000
7,3222,1673,3,594,1990,3,1699,11,Attchd,90.0,SawyerW,320000
6,1456,728,2,390,2005,2,728,8,Attchd,65.0,CollgCr,163990
6,988,938,2,540,1969,1,988,4,Attchd,,ClearCr,180000
4,1123,732,1,264,1939,1,772,4,Detchd,50.0,IDOTRR,100000
6,1080,1080,1,288,1958,1,1080,5,Attchd,75.0,NAmes,136000
6,1199,1199,2,530,1993,2,1199,5,Attchd,55.0,SawyerW,153900
6,1586,1362,2,435,1979,2,1586,7,Attchd,48.0,NWAmes,181000
6,754,520,0,0,1935,1,520,5,,60.0,IDOTRR,84500
6,958,1078,2,440,1976,2,958,5,Attchd,,NPkVill,128000
5,840,672,0,0,1930,1,840,5,,55.0,OldTown,87000
6,1348,660,2,453,1966,1,660,6,Attchd,69.0,NAmes,155000
5,1053,1008,2,750,1958,1,1053,6,2Types,69.0,NAmes,150000
7,2157,924,2,487,1966,2,1216,8,Attchd,88.0,NAmes,226000
6,2054,992,2,390,2000,2,1022,7,BuiltIn,,Gilbert,244000
5,1327,1063,2,624,1959,1,1327,7,Detchd,75.0,NAmes,150750
8,1296,1267,2,471,2001,2,1296,6,Attchd,,Timber,220000
5,1721,1461,2,440,1968,2,1721,7,Attchd,78.0,Sawyer,180000
7,1682,1304,2,530,1970,2,1682,7,Attchd,80.0,NWAmes,174000
5,1214,1214,1,318,1967,2,1214,5,Attchd,,NAmes,143000
7,1959,1907,3,766,1988,3,1959,9,2Types,82.0,Mitchel,171000
8,1852,1004,3,660,1999,2,1004,7,Attchd,73.0,CollgCr,230000
6,1764,928,2,470,1997,2,928,7,Attchd,65.0,CollgCr,231500
4,864,864,0,0,1971,1,864,5,,70.0,NAmes,115000
7,1734,1734,2,660,2005,2,1734,7,Attchd,78.0,CollgCr,260000
5,1385,910,2,720,1952,2,910,6,Detchd,71.0,NAmes,166000
7,1501,1490,2,577,1999,2,1501,6,Attchd,78.0,CollgCr,204000
5,1728,1728,2,504,1963,2,1728,10,Detchd,70.0,Sawyer,125000
6,1709,970,2,380,2004,2,970,7,Detchd,24.0,Edwards,130000
5,875,715,1,180,1931,1,875,5,Detchd,51.0,BrkSide,105000
7,2035,884,2,434,2001,2,884,8,BuiltIn,,Gilbert,222500
7,1080,1080,0,0,2004,1,1080,6,,63.0,SawyerW,141000
5,1344,896,1,240,1936,1,896,7,Detchd,,BrkSide,115000
5,969,969,2,440,1975,1,969,5,Attchd,120.0,CollgCr,122000
8,1710,1710,3,866,2007,2,1710,6,Attchd,107.0,NridgHt,372402
6,1993,825,2,495,1971,2,1097,8,Attchd,,NWAmes,190000
6,1252,1602,2,564,1960,1,1252,4,Attchd,,ClearCr,235000
6,1200,1200,1,312,1923,1,1200,7,Detchd,84.0,OldTown,125000
6,1096,572,0,0,1924,1,572,5,,60.0,Edwards,79000
5,1040,0,2,625,1950,1,1040,5,Detchd,60.0,NAmes,109500
8,1968,774,3,680,2009,2,774,8,BuiltIn,92.0,Timber,269500
7,1947,991,2,678,2004,2,991,8,Attchd,100.0,Somerst,254900
7,2462,1392,2,576,2005,2,1392,9,Attchd,134.0,Gilbert,320000
6,1232,1232,2,516,1984,2,1232,6,Attchd,,Veenker,162500
9,2668,1572,3,726,2003,2,1572,10,BuiltIn,110.0,NridgHt,412500
7,1541,1541,2,532,2005,2,1541,7,Attchd,95.0,NridgHt,220000
4,882,882,0,0,1956,1,882,4,,55.0,OldTown,103200
6,1616,1149,1,216,1926,2,1149,5,Detchd,40.0,OldTown,152000
5,1355,644,0,0,1940,2,808,6,,62.0,Edwards,127500
5,1867,1617,1,303,1955,1,1867,7,Attchd,,ClearCr,190000
8,2161,1582,3,789,2007,1,1610,8,Attchd,86.0,NridgHt,325624
7,1720,840,2,440,2004,2,840,7,Attchd,62.0,Gilbert,183500
8,1707,1686,2,511,1981,2,1707,6,Attchd,,Timber,228000
5,1382,720,2,660,1941,1,854,7,Detchd,,OldTown,128500
6,1656,1080,2,528,1960,1,1656,7,Attchd,141.0,NAmes,215000
7,1767,1064,2,504,1987,2,1064,5,Attchd,44.0,StoneBr,239000
6,1362,1362,2,504,1961,1,1362,6,Attchd,80.0,NAmes,163000
6,1651,1606,2,616,1986,2,1651,7,Attchd,47.0,Timber,184000
6,2158,1202,2,576,1950,2,2158,7,Attchd,84.0,Edwards,243000
6,2060,1151,2,521,1988,2,1164,8,Attchd,97.0,ClearCr,211000
5,1920,1052,2,451,1958,2,1252,8,Attchd,,Sawyer,172500
9,2234,2216,3,1166,2008,2,2234,9,Attchd,63.0,StoneBr,501837
5,968,968,2,480,1923,1,968,5,Detchd,60.0,OldTown,100000
6,1525,756,2,440,2000,2,769,5,Detchd,,Somerst,177000
7,1802,793,1,216,1920,1,901,9,Detchd,54.0,Crawfor,200100
5,1340,0,1,252,1957,1,1340,7,Attchd,60.0,Edwards,120000
7,2082,1362,2,484,2003,2,1362,6,Detchd,63.0,OldTown,200000
5,1252,504,2,576,1908,1,936,5,Attchd,92.0,BrkSide,127000
10,3608,1107,3,840,1892,2,1518,12,Detchd,90.0,OldTown,475000
7,1217,1188,2,497,1990,2,1217,6,Attchd,,Mitchel,173000
5,1656,660,1,180,1916,2,808,8,Detchd,60.0,OldTown,135000
5,1224,1086,2,528,1979,0,1224,6,Detchd,64.0,SawyerW,153337
8,1593,1593,2,682,2001,1,1593,5,Attchd,41.0,StoneBr,286000
8,2727,853,2,440,1932,2,1549,10,Detchd,70.0,Crawfor,315000
7,1479,725,2,484,1972,1,725,7,Attchd,,NAmes,184000
7,1431,1431,2,666,1999,2,1431,6,Attchd,68.0,CollgCr,192000
7,1709,970,2,380,2004,2,970,7,Detchd,24.0,Edwards,130000
5,864,864,1,352,1972,1,864,5,Detchd,60.0,CollgCr,127000
6,1456,855,2,440,1976,2,855,7,Attchd,24.0,NPkVill,148500
7,1726,1726,3,786,2007,2,1726,8,Attchd,79.0,Somerst,311872
8,3112,1360,2,795,1918,2,1360,8,Detchd,174.0,NAmes,235000
6,2229,755,0,0,1912,1,929,8,,92.0,OldTown,104000
8,1713,1713,3,856,2004,2,1713,7,Attchd,76.0,NridgHt,274900
4,1121,1121,2,440,2003,2,1121,5,Attchd,80.0,Edwards,140000
6,1279,1196,2,473,1977,2,1279,6,Detchd,75.0,Mitchel,171500
6,1310,617,1,398,1924,2,865,6,Attchd,50.0,OldTown,112000
6,848,848,2,420,2004,1,848,3,Attchd,,CollgCr,149000
5,1284,720,1,240,1947,1,720,5,Detchd,50.0,OldTown,110000
7,1442,1424,2,500,1990,2,1442,5,Attchd,99.0,Gilbert,180500
5,1696,1140,1,349,1962,1,1696,8,Attchd,40.0,Sawyer,143900
4,1100,1100,1,312,1960,1,1100,6,Attchd,,NAmes,141000
7,2062,1157,2,454,1988,2,1180,7,Attchd,,SawyerW,277000
6,1092,1092,2,504,1964,1,1092,6,Attchd,75.0,NAmes,145000
5,864,864,0,0,1925,1,864,5,,67.0,Edwards,98000
6,1212,1212,2,460,2009,2,1212,6,Attchd,83.0,Edwards,186000
7,1852,900,2,644,2009,2,932,7,Attchd,72.0,Somerst,252678
5,990,990,2,576,1995,1,990,5,Attchd,43.0,CollgCr,156000
6,1392,689,1,299,1977,1,689,6,Attchd,,CollgCr,161750
5,1236,1070,1,447,1957,1,1236,6,Attchd,72.0,NAmes,134450
7,1436,1436,2,484,2004,2,1436,8,Attchd,65.0,CollgCr,210000
4,1328,686,1,210,1925,1,810,8,Detchd,57.0,OldTown,107000
7,1954,798,2,431,1939,1,1137,8,Attchd,,Crawfor,311500
7,1248,1248,2,438,2005,2,1248,5,Attchd,43.0,Blmngtn,167240
7,1498,1498,2,675,2006,2,1498,5,Attchd,73.0,CollgCr,204900
6,2267,1010,2,390,2002,2,1010,8,BuiltIn,,Gilbert,200000
6,1552,713,2,434,1975,2,811,6,Attchd,85.0,NWAmes,179900
4,864,864,2,576,1971,1,864,4,Detchd,70.0,NAmes,97000
10,2392,2392,3,968,2003,2,2392,8,Attchd,103.0,NridgHt,386250
5,1302,630,1,280,1971,2,630,6,Detchd,21.0,BrDale,112000
7,2520,1203,3,721,1995,2,1214,9,Attchd,82.0,NoRidge,290000
6,987,483,1,280,1970,1,483,5,Detchd,21.0,BrDale,106000
5,912,912,1,336,1967,1,912,5,Detchd,70.0,Sawyer,125000
7,1555,1373,2,430,2005,2,1555,7,Attchd,43.0,Blmngtn,192500
6,1194,1194,1,312,1959,1,1194,6,Attchd,73.0,NAmes,148000
8,2794,1462,3,810,1995,2,1490,9,Attchd,174.0,NoRidge,403000
6,987,483,1,288,1972,1,483,5,Attchd,21.0,BrDale,94500
5,894,894,1,308,1976,1,894,5,Attchd,75.0,CollgCr,128200
6,1960,860,2,440,2002,2,860,8,BuiltIn,,Gilbert,216500
6,987,483,1,264,1971,1,483,5,Detchd,21.0,BrDale,89500
7,1414,1414,2,494,2004,2,1414,6,Attchd,65.0,CollgCr,185500
7,1744,996,2,457,1993,2,1014,7,Attchd,,SawyerW,194500
8,1694,1694,3,818,2007,2,1694,7,Attchd,93.0,NridgHt,318000
6,1487,735,1,220,1945,1,798,7,Detchd,52.0,Edwards,113000
8,1566,1566,2,750,2008,2,1566,7,Attchd,75.0,Somerst,262500
5,866,686,0,0,1945,1,866,4,,40.0,OldTown,110500
5,1440,540,1,352,1900,1,889,6,Attchd,63.0,OldTown,79000
6,1217,626,1,288,1980,1,626,6,Attchd,75.0,SawyerW,120000
7,2110,948,2,463,1994,2,1222,8,Attchd,,SawyerW,205000
7,1872,1845,2,604,1988,2,1872,6,Attchd,80.0,NWAmes,241500
6,1928,1020,1,440,1910,2,908,9,Detchd,69.0,OldTown,137000
6,1375,1367,2,451,1954,1,1375,5,Attchd,75.0,NAmes,140000
7,1668,840,2,500,2003,2,840,8,Attchd,72.0,CollgCr,180000
6,2144,1444,2,389,1958,2,1444,7,Attchd,,ClearCr,277000
3,1306,728,0,0,1940,1,1306,6,,55.0,BrkSide,76500
8,1625,1573,2,538,2006,2,1625,5,Attchd,44.0,Crawfor,235000
6,1640,798,2,520,2004,2,798,6,Attchd,65.0,SawyerW,173000
6,1302,1302,1,309,1964,2,1302,7,Attchd,85.0,NAmes,158000
5,1314,1314,1,294,1957,1,1314,5,Attchd,70.0,NAmes,145000
7,2291,975,2,429,1999,2,1005,8,BuiltIn,66.0,Gilbert,230000
6,1728,864,2,673,2003,2,864,7,Attchd,64.0,Somerst,207500
7,1604,1604,2,660,2006,2,1604,8,Attchd,68.0,CollgCr,220000
7,1792,963,2,564,2001,2,963,7,Attchd,80.0,CollgCr,231500
5,882,0,1,308,1956,1,882,4,Detchd,70.0,OldTown,97000
6,1382,1362,2,884,1962,1,1382,6,Attchd,120.0,NAmes,176000
8,2574,1482,3,868,2007,2,1482,10,BuiltIn,69.0,CollgCr,276000
6,1212,506,2,492,1977,1,1212,6,Attchd,88.0,Sawyer,151000
5,1316,926,2,484,1929,1,926,6,Detchd,50.0,OldTown,130000
5,764,680,2,504,1925,1,764,4,Detchd,30.0,OldTown,73000
6,1422,1422,2,576,1981,2,1422,7,Attchd,78.0,NWAmes,175500
6,1511,802,2,413,1997,2,802,8,Attchd,70.0,Gilbert,185000
5,2192,720,1,240,1939,2,1052,8,Detchd,60.0,SWISU,179500
5,778,740,1,924,1940,1,778,4,Detchd,71.0,IDOTRR,120500
6,1113,1143,1,504,1976,1,1113,6,Attchd,,Edwards,148000
8,1939,1095,3,1053,2006,2,1095,8,Attchd,84.0,Somerst,266000
7,1363,1385,2,439,1954,1,1363,5,Attchd,73.0,ClearCr,241500
8,2270,1152,3,671,1999,2,1164,9,Attchd,92.0,NoRidge,290000
6,1632,1240,1,338,1958,2,1632,6,Attchd,80.0,NAmes,139000
5,816,816,1,264,1982,1,816,5,Attchd,76.0,Mitchel,124500
7,1548,952,2,672,1925,2,952,5,Detchd,55.0,BrkSide,205000
7,1560,1560,2,573,2003,2,1560,7,Attchd,129.0,Mitchel,201000
4,864,864,2,400,1951,1,864,4,Detchd,140.0,Gilbert,141000
9,2121,2121,3,732,2006,2,2121,8,Attchd,107.0,NridgHt,415298
7,2022,1160,2,505,1977,2,1156,8,Attchd,83.0,ClearCr,192000
7,1982,807,2,575,1989,2,1175,7,Attchd,82.0,SawyerW,228500
6,1262,1262,2,572,2006,2,1262,5,Attchd,60.0,Somerst,185000
7,1314,1314,2,626,2007,2,1314,6,Attchd,34.0,NridgHt,207500
8,1468,1468,3,898,2008,2,1468,6,Attchd,74.0,Somerst,244600
6,1575,1575,2,529,1992,2,1575,5,Attchd,50.0,SawyerW,179200
7,1250,625,2,528,2006,2,625,5,Detchd,35.0,Somerst,164700
6,1734,912,2,440,1962,1,1085,7,Attchd,77.0,NAmes,159000
4,858,858,0,0,1971,1,858,5,,,NAmes,88000
5,900,882,1,280,1967,1,900,5,Detchd,,Sawyer,122000
6,1396,698,1,384,1915,1,698,7,Detchd,60.0,BrkSide,153575
8,1919,1079,2,685,2006,2,1079,8,Attchd,120.0,CollgCr,233230
5,1716,780,0,0,1912,2,936,9,,55.0,SWISU,135900
5,1716,768,1,281,1949,1,1148,8,Attchd,60.0,Edwards,131000
7,2263,795,2,539,1977,2,1468,9,Attchd,,NWAmes,235000
6,1644,1416,2,418,1953,1,1644,7,Attchd,80.0,NAmes,167000
6,1003,1003,2,588,1984,1,1003,6,Detchd,37.0,Mitchel,142500
5,1558,910,1,282,1950,1,910,6,Attchd,75.0,IDOTRR,152000
7,1950,975,2,576,1997,2,975,7,Detchd,66.0,Somerst,239000
6,1743,702,2,539,1968,1,1041,7,Attchd,90.0,NWAmes,175000
6,1152,1092,1,300,1950,1,1152,6,Attchd,80.0,Crawfor,158500
5,1336,1165,1,375,1953,1,1336,5,Attchd,90.0,Crawfor,157000
8,2452,1028,2,683,1998,2,1210,9,BuiltIn,66.0,CollgCr,267000
7,1541,1541,3,843,2001,2,1541,6,Attchd,118.0,CollgCr,205000
5,894,894,2,552,1972,1,894,5,Attchd,70.0,CollgCr,149900
7,3493,1470,3,870,1880,3,1675,10,Attchd,87.0,OldTown,295000
8,2000,2000,3,888,2004,2,2000,8,Attchd,80.0,CollgCr,305900
7,2243,700,3,746,1990,2,1122,8,Attchd,116.0,SawyerW,225000
6,1406,319,0,0,1920,1,1035,6,,,IDOTRR,89500
4,861,861,2,539,1940,1,861,4,Detchd,,Edwards,82500
9,1944,1896,3,708,2003,2,1944,8,Attchd,90.0,NridgHt,360000
6,1501,697,2,420,1993,2,697,6,Attchd,,Gilbert,165600
6,972,972,1,240,1948,1,972,5,Detchd,50.0,NAmes,132000
5,1118,793,2,410,1939,1,793,5,Detchd,65.0,OldTown,119900
7,2036,2136,2,513,1965,2,2036,8,Attchd,150.0,Timber,375000
7,1641,728,2,546,1925,1,832,6,Detchd,60.0,OldTown,178000
7,1432,716,2,432,2004,2,716,6,Attchd,71.0,Gilbert,188500
7,2353,845,2,484,1980,2,1153,10,Attchd,94.0,NWAmes,260000
8,1959,1088,3,1025,2006,2,1088,8,Attchd,75.0,Somerst,270000
7,2646,1347,3,656,1993,2,1372,9,Attchd,90.0,NoRidge,260000
7,1472,1372,2,588,1980,2,1472,6,Attchd,,NWAmes,187500
9,2596,1249,3,840,2006,3,1249,9,Attchd,111.0,NridgHt,342643
8,2468,1136,3,872,2004,2,1136,10,BuiltIn,99.0,NridgHt,354000
7,2730,1502,2,576,1986,2,1553,8,Attchd,86.0,SawyerW,301000
3,1163,1162,1,220,1955,1,1163,6,Attchd,49.0,OldTown,126175
7,2978,710,2,564,1967,2,1898,11,BuiltIn,96.0,NAmes,242000
5,803,720,2,360,1941,1,803,5,Detchd,50.0,IDOTRR,87000
8,1719,1719,2,473,1993,1,1719,6,Attchd,32.0,Veenker,324000
6,1383,1383,1,292,1960,1,1383,7,Attchd,80.0,NAmes,145250
6,2134,844,2,441,1916,2,1445,10,Detchd,,BrkSide,214500
5,1192,596,1,189,1920,1,596,6,Detchd,60.0,IDOTRR,78000
5,1728,1728,1,352,1964,2,1728,10,Detchd,,NAmes,119000
5,1056,1056,1,308,1958,1,1056,6,Attchd,70.0,NAmes,139000
8,1629,3206,3,880,2003,2,1629,7,Attchd,85.0,NridgHt,284000
7,1358,1358,2,484,2004,2,1358,6,Attchd,59.0,NridgHt,207000
6,1638,943,2,472,1998,2,943,7,Attchd,59.0,Gilbert,192000
5,1786,1499,2,529,1965,2,1619,7,Attchd,,Timber,228950
9,1922,1922,3,676,2005,2,1922,8,Attchd,86.0,StoneBr,377426
7,1536,1536,2,532,2002,2,1536,7,Attchd,70.0,CollgCr,214000
7,1621,1208,2,440,1984,2,1621,8,Attchd,91.0,NWAmes,202500
6,1215,1215,1,297,1958,1,1215,6,Attchd,66.0,NAmes,155000
8,1908,967,2,431,2002,2,993,9,Attchd,85.0,Timber,202900
4,841,721,1,294,1950,1,841,4,CarPort,60.0,SawyerW,82000
3,1040,0,2,400,1949,2,1040,6,Detchd,,NAmes,87500
9,1684,1684,2,564,2005,2,1684,6,Attchd,63.0,NridgHt,266000
5,1112,536,1,336,1976,1,536,4,Attchd,36.0,MeadowV,85000
6,1577,972,1,312,1939,1,972,6,Detchd,65.0,BrkSide,140200
6,958,958,1,301,1960,1,958,5,Attchd,,NAmes,151500
6,1478,1478,2,498,1960,2,1478,6,Attchd,,NAmes,157500
7,1626,764,2,474,2003,2,764,6,BuiltIn,36.0,NridgHt,154000
9,2728,1848,3,706,2005,2,1848,10,Attchd,56.0,NridgHt,437154
9,1869,1869,2,617,2007,2,1869,6,Attchd,68.0,NridgHt,318061
7,1453,1453,2,445,1986,1,1453,6,Attchd,,ClearCr,190000
5,1111,616,1,200,1941,1,616,5,Detchd,60.0,Edwards,95000
6,720,624,2,484,1928,1,720,5,Detchd,60.0,OldTown,105900
6,1595,940,1,240,1940,1,1192,6,Attchd,60.0,SWISU,140000
6,1200,1200,2,521,1995,2,1200,6,Attchd,105.0,CollgCr,177500
6,1167,1158,2,400,1992,2,1167,6,Attchd,,Gilbert,173000
5,1142,1142,2,528,1976,1,1142,6,Attchd,44.0,MeadowV,134000
5,1352,1062,1,288,1958,1,1352,6,BuiltIn,92.0,ClearCr,130000
8,1924,1086,2,592,1998,2,1086,7,Attchd,78.0,NoRidge,280000
6,912,888,2,470,1978,1,912,5,Attchd,,Mitchel,156000
5,1505,883,1,240,1940,1,988,8,Detchd,,BrkSide,145000
7,1922,0,2,672,2003,3,495,7,BuiltIn,64.0,Edwards,198500
6,987,483,1,264,1972,1,483,5,Detchd,21.0,BrDale,118000
6,1574,796,2,566,1976,2,790,6,Attchd,,NWAmes,190000
5,1344,672,1,468,1920,1,672,6,Detchd,59.0,IDOTRR,147000
6,1394,1394,2,514,1963,1,1394,6,Attchd,,NAmes,159000
6,1431,1099,1,296,1962,1,1431,6,Basment,101.0,NAmes,165000
5,1268,1268,1,244,1954,1,1268,7,Attchd,78.0,NAmes,132000
5,1287,1063,2,576,1959,1,1287,7,Detchd,,NAmes,162000
6,1664,953,2,460,2000,2,953,7,Attchd,,Gilbert,172400
4,1588,0,2,680,1959,2,1120,7,Detchd,80.0,ClearCr,134432
6,752,744,1,264,1984,1,752,4,Attchd,50.0,SawyerW,125000
5,1319,608,1,270,1953,1,1319,5,Attchd,79.0,NAmes,123000
7,1928,847,2,434,2003,2,847,8,BuiltIn,65.0,CollgCr,219500
1,904,683,0,0,1922,0,904,4,,,Edwards,61000
5,914,870,2,576,1996,1,914,5,Detchd,57.0,CollgCr,148000
8,2466,1580,2,610,2004,3,1580,8,Attchd,102.0,Somerst,340000
9,1856,1856,3,834,2010,1,1856,8,Attchd,88.0,StoneBr,394432
6,1800,982,2,463,2000,2,1007,7,Attchd,60.0,Gilbert,179000
5,1691,1026,1,308,1924,2,1026,6,Detchd,50.0,SWISU,127000
7,1301,1293,2,572,2006,2,1301,5,Attchd,60.0,Somerst,187750
7,1797,939,2,639,2006,2,939,8,Attchd,79.0,CollgCr,213500
6,784,784,2,360,1928,1,784,5,Detchd,60.0,SawyerW,76000
6,1953,1580,2,501,1992,2,1079,9,Attchd,,ClearCr,240000
8,1269,1256,2,430,2004,2,1269,6,Attchd,43.0,Blmngtn,192000
5,1184,658,0,0,1910,1,658,8,,58.0,Edwards,81000
6,1125,1041,1,352,1976,1,1125,6,Detchd,72.0,Edwards,125000
7,1479,1468,2,577,1999,2,1479,6,Attchd,93.0,CollgCr,191000
10,2332,1682,3,846,2007,2,1742,9,BuiltIn,96.0,NridgHt,426000
5,1367,861,1,384,1900,1,961,7,Detchd,50.0,Edwards,119000
6,1961,804,2,560,2001,2,804,7,BuiltIn,71.0,Mitchel,215000
5,882,0,1,294,1959,1,882,5,Attchd,,NAmes,106500
4,788,788,0,0,1941,1,788,4,,,BrkSide,100000
5,1034,735,1,240,1940,1,735,5,Detchd,60.0,OldTown,109000
5,1144,1144,1,596,1956,1,1144,6,Attchd,68.0,Edwards,129000
5,894,894,2,600,1972,1,894,6,Detchd,60.0,CollgCr,123000
5,1812,864,1,264,1962,2,876,8,Attchd,69.0,NAmes,169500
5,1077,961,1,338,1920,1,1077,6,Detchd,60.0,IDOTRR,67000
7,1550,1092,2,438,2006,2,1112,7,Attchd,65.0,Somerst,241000
8,1288,1260,2,500,1996,1,1288,4,Attchd,38.0,Veenker,245500
7,1310,1310,2,400,2005,2,1310,6,Attchd,65.0,CollgCr,164990
5,672,672,1,240,1940,1,672,4,Detchd,60.0,Sawyer,108000
8,2263,1141,2,420,1998,2,1165,10,BuiltIn,93.0,NoRidge,258000
6,1572,806,2,373,1995,2,806,7,BuiltIn,,Gilbert,168000
4,1620,1281,2,490,1976,2,1620,8,Attchd,,Sawyer,150000
6,1639,1064,1,240,1936,1,1166,6,Detchd,51.0,SWISU,115000
6,1680,840,1,308,1915,2,840,8,Attchd,63.0,Crawfor,177000
7,2172,1063,3,947,2006,2,1071,9,Attchd,109.0,NridgHt,280000
8,2078,1034,3,836,2007,2,1050,8,Attchd,85.0,Somerst,339750
5,1276,1276,1,350,1958,1,1276,5,Attchd,68.0,Edwards,60000
5,1056,1056,2,572,1955,1,1056,5,Attchd,100.0,Gilbert,145000
7,1478,1470,2,484,2009,2,1478,7,Attchd,,Somerst,222000
5,1028,1008,2,360,1927,1,1028,5,Detchd,56.0,OldTown,115000
7,2097,1080,3,678,1993,2,1080,9,Attchd,59.0,SawyerW,228000
7,1340,1340,2,396,2007,2,1340,6,Attchd,73.0,Gilbert,181134
6,1400,672,2,440,1978,1,672,6,Attchd,74.0,Sawyer,149500
6,2624,1370,3,864,1918,2,1370,10,Detchd,86.0,Crawfor,239000
5,1134,756,1,240,1940,1,756,7,Detchd,60.0,Edwards,126000
5,1056,1056,1,304,1968,1,1056,6,Attchd,65.0,NAmes,142000
7,1344,1344,4,784,1997,2,1344,8,Attchd,78.0,Mitchel,206300
6,1602,1602,2,529,1977,2,1602,8,Attchd,,NWAmes,215000
5,988,988,2,520,1954,1,988,4,Attchd,100.0,Mitchel,113000
8,2630,1470,3,696,1998,2,1470,8,Attchd,80.0,NoRidge,315000
6,1196,1196,1,297,1956,1,1196,6,Attchd,72.0,NAmes,139000
7,1389,651,1,240,1946,1,707,6,Detchd,60.0,OldTown,135000
7,1644,1518,2,569,1989,2,1644,5,Attchd,,SawyerW,275000
4,907,907,1,352,1957,1,907,5,Detchd,77.0,NAmes,109008
7,1208,1208,2,628,2007,2,1208,6,Attchd,64.0,CollgCr,195400
6,1412,1392,2,576,1988,2,1412,6,Attchd,130.0,Timber,175000
6,987,483,1,264,1971,1,483,4,Detchd,21.0,BrDale,85400
6,1198,901,0,0,1920,1,1088,7,,60.0,OldTown,79900
5,1365,765,2,440,1971,1,765,6,Detchd,24.0,BrDale,122500
6,1604,926,2,470,1997,2,926,7,Attchd,100.0,Gilbert,181000
4,630,630,0,0,1972,1,630,3,,21.0,MeadowV,81000
7,1661,799,2,550,1996,2,827,6,Attchd,43.0,CollgCr,212000
6,1118,648,2,440,1920,1,734,6,Detchd,40.0,OldTown,116000
6,904,884,1,180,1926,1,904,4,Detchd,50.0,BrkSide,119000
5,694,440,1,352,1913,1,694,4,Detchd,40.0,Crawfor,90350
6,1196,684,2,528,1920,1,684,7,Detchd,67.0,Edwards,110000
10,2402,3094,3,672,2008,2,2402,10,Attchd,105.0,NridgHt,555000
4,1440,1440,0,0,1955,2,1440,8,,92.0,Edwards,118000
5,1573,1078,2,360,1930,2,1128,8,Detchd,52.0,BrkSide,162900
7,1258,1258,3,648,2006,2,1258,6,Attchd,53.0,Blmngtn,172500
7,1908,915,2,493,1994,2,933,8,Attchd,70.0,CollgCr,210000
6,1689,1436,2,480,1956,1,1689,7,Attchd,73.0,Edwards,127500
6,1888,1517,2,578,1966,2,1888,6,Attchd,137.0,NAmes,190000
7,1886,930,2,431,1998,2,956,10,Attchd,,Gilbert,199900
6,1376,780,1,198,1937,2,780,7,Detchd,50.0,IDOTRR,119500
3,1183,649,1,308,1948,1,679,6,Detchd,50.0,OldTown,120000
6,813,813,1,270,1930,1,813,5,Detchd,70.0,OldTown,110000
7,1533,1533,2,576,1975,2,1533,5,Attchd,62.0,ClearCr,280000
6,1756,872,2,422,1996,2,888,7,Attchd,,Timber,204000
8,1590,768,2,676,2008,2,786,6,Attchd,75.0,Somerst,210000
5,1728,1728,2,560,1976,2,1728,8,Detchd,63.0,Mitchel,188000
7,1242,1242,2,528,1973,1,1242,6,Attchd,80.0,NWAmes,175500
5,1344,624,3,513,1916,1,624,7,Detchd,34.0,OldTown,98000
4,1663,1364,2,529,1954,1,1663,6,Attchd,,ClearCr,256000
8,1666,588,1,228,1925,1,833,7,Detchd,,OldTown,161000
5,1203,709,1,352,1950,1,979,5,Detchd,,BrkSide,110000
8,1935,832,2,552,2009,2,832,8,BuiltIn,75.0,Somerst,263435
7,1135,560,2,576,1936,1,575,6,Detchd,60.0,SWISU,155000
5,864,864,1,360,1965,1,864,5,Detchd,60.0,Sawyer,62383
6,1660,715,1,240,1934,1,849,6,Detchd,74.0,Crawfor,188700
5,1040,1040,0,0,1978,2,1040,5,,60.0,CollgCr,124000
7,1414,1375,2,398,2004,2,1414,6,Attchd,,Blmngtn,178740
7,1277,1277,2,526,1970,1,1277,5,Attchd,85.0,NAmes,167000
5,1644,728,1,312,1942,1,888,7,Attchd,79.0,NAmes,146500
8,1634,1626,3,866,2006,2,1634,7,Attchd,98.0,NridgHt,250000
6,1710,832,2,506,1993,2,832,7,Attchd,76.0,SawyerW,187000
8,1502,1488,2,528,1985,1,1502,4,Attchd,,StoneBr,212000
7,1969,808,2,534,1977,2,1161,8,Attchd,92.0,NWAmes,190000
6,1072,547,2,525,2005,1,1072,5,Basment,35.0,Edwards,148000
8,1976,1976,3,908,2006,2,1976,7,Attchd,110.0,NridgHt,440000
8,1652,1494,2,499,2000,2,1652,6,Attchd,41.0,StoneBr,251000
5,970,970,2,624,1963,1,970,5,Detchd,80.0,Sawyer,132500
6,1493,1478,2,508,1997,2,1493,7,Attchd,75.0,CollgCr,208900
9,2643,2153,3,694,2006,2,2069,9,BuiltIn,105.0,NridgHt,380000
8,1718,1705,3,826,2007,2,1718,7,Attchd,79.0,CollgCr,297000
4,1131,907,2,672,1937,1,1131,7,Detchd,50.0,OldTown,89471
9,1850,1833,3,772,2004,2,1850,8,Attchd,98.0,NridgHt,326000
9,1792,1792,3,874,2003,2,1792,6,Attchd,72.0,NridgHt,374000
7,1826,910,1,164,1915,1,916,7,Attchd,50.0,OldTown,155000
6,1216,1216,2,402,1998,2,1216,5,Attchd,32.0,Mitchel,164000
5,999,999,1,264,1962,1,999,6,Detchd,,Sawyer,132500
5,1113,1113,1,264,1950,1,1113,5,Attchd,80.0,NAmes,147000
5,1073,1073,2,515,1965,1,1073,6,Attchd,79.0,NAmes,156000
5,1484,1484,2,487,1971,2,1484,7,Attchd,70.0,NWAmes,175000
5,2414,954,2,520,1900,2,1766,10,Attchd,60.0,OldTown,160000
4,630,630,1,286,1970,1,630,3,Attchd,21.0,MeadowV,86000
5,1304,264,1,336,1976,1,616,4,BuiltIn,,MeadowV,115000
6,1578,806,1,240,1941,1,958,5,Attchd,79.0,NAmes,133000
6,1456,728,2,429,2006,2,728,8,Attchd,105.0,Gilbert,172785
5,1269,1269,1,308,1960,1,1269,6,Detchd,70.0,NAmes,155000
5,886,190,1,273,1938,1,886,4,Attchd,50.0,OldTown,91300
4,720,720,0,0,1920,1,720,4,,60.0,IDOTRR,34900
8,3228,3200,2,546,1992,3,3228,10,Attchd,,NoRidge,430000
7,1820,1026,1,240,1925,2,1133,8,Detchd,60.0,BrkSide,184000
5,899,864,1,288,1967,1,899,5,Attchd,65.0,Sawyer,130000
5,912,912,1,297,1958,1,912,5,Attchd,70.0,NAmes,120000
6,1218,672,1,264,1973,1,672,7,Detchd,21.0,BrDale,113000
7,1768,866,2,603,2005,2,866,7,Attchd,75.0,Somerst,226700
5,1214,1214,2,461,1965,1,1214,6,Detchd,70.0,Edwards,140000
7,1801,1501,2,484,1959,2,1801,6,Attchd,100.0,Crawfor,289000
6,1322,855,2,440,1974,2,855,6,Attchd,24.0,NPkVill,147000
5,1960,960,2,400,1952,2,960,10,Detchd,60.0,OldTown,124500
8,1911,777,2,471,1993,2,1065,8,Attchd,80.0,SawyerW,215000
6,1218,1218,2,676,2009,2,1218,4,Attchd,75.0,Somerst,208300
7,1378,689,2,360,1928,2,689,7,Detchd,60.0,OldTown,161000
5,1041,1041,1,270,1959,1,1041,6,Attchd,80.0,NAmes,124500
5,1363,1008,1,288,1951,1,1363,6,CarPort,75.0,NAmes,164900
7,1368,1368,2,474,2005,2,1368,6,Attchd,40.0,NridgHt,202665
5,864,864,2,624,1958,1,864,5,Detchd,70.0,NAmes,129900
6,1080,1084,2,484,1983,1,1080,5,Attchd,71.0,Mitchel,134000
5,789,768,1,200,1926,1,789,5,Detchd,55.0,Crawfor,96500
10,2020,2006,3,900,2009,2,2020,9,Attchd,94.0,NridgHt,402861
6,2119,689,2,583,1972,2,1378,7,Attchd,,NWAmes,158000
7,2344,1264,3,889,1996,2,1277,7,Attchd,79.0,NoRidge,265000
6,1796,794,2,546,1998,2,882,7,Attchd,,CollgCr,211000
7,2080,1276,1,282,1926,1,1276,9,Detchd,53.0,Crawfor,234000
4,1294,0,0,0,1900,2,694,7,,60.0,OldTown,106250
6,1244,1244,1,336,1957,1,1244,6,Attchd,90.0,NAmes,150000
6,1664,1004,2,420,1947,2,1004,7,Detchd,50.0,BrkSide,159000
10,4676,3138,3,884,2007,3,3138,11,BuiltIn,130.0,Edwards,184750
7,2398,1379,3,834,1996,2,1383,8,Attchd,95.0,NoRidge,315750
7,1266,1257,2,453,2005,2,1266,6,Attchd,62.0,Somerst,176000
5,928,928,1,252,1956,1,928,4,Attchd,70.0,NAmes,132000
9,2713,1452,3,858,2008,2,1476,11,Attchd,67.0,NridgHt,446261
4,605,528,0,0,1920,1,605,5,,58.0,Edwards,86000
6,2515,2035,2,484,1957,3,2515,9,Attchd,,Crawfor,200624
6,1509,1461,2,600,1988,2,1509,5,Attchd,85.0,Timber,175000
6,1362,611,2,502,1920,2,751,6,Detchd,60.0,BrkSide,128000
5,827,0,1,392,1955,1,827,5,Detchd,60.0,NAmes,107500
1,334,0,0,0,1946,1,334,2,,50.0,BrkSide,39300
8,1414,707,2,403,2004,2,707,6,Attchd,74.0,Gilbert,178000
5,1347,1117,0,0,1910,1,820,5,,70.0,Edwards,107500
7,1724,880,2,527,1998,2,880,8,Attchd,57.0,CollgCr,188000
4,864,864,2,576,1972,1,864,5,Detchd,,NAmes,111250
5,1159,1051,1,336,1968,1,1159,7,Attchd,,Sawyer,158000
8,1601,1581,2,670,2001,2,1601,6,Attchd,,CollgCr,272000
9,1838,1838,3,765,2006,2,1838,8,Attchd,85.0,Timber,315000
8,2285,969,3,648,2000,2,997,8,BuiltIn,,NoRidge,248000
7,1680,1650,2,583,1998,2,1680,7,Attchd,78.0,NWAmes,213250
7,767,723,1,367,1998,1,767,4,Attchd,34.0,NAmes,133000
7,1496,654,2,426,2006,2,664,7,Attchd,58.0,Gilbert,179665
7,2183,1204,3,786,1988,2,1377,9,Attchd,,NWAmes,229000
6,1635,1065,2,440,1923,1,915,6,Detchd,70.0,BrkSide,210000
5,768,768,2,624,1970,1,768,5,Detchd,54.0,Mitchel,129500
5,825,825,2,720,1955,1,825,4,Detchd,49.0,OldTown,125000
7,2094,912,2,615,2003,2,912,8,BuiltIn,75.0,Somerst,263000
6,1069,1069,2,440,1977,2,1069,4,Attchd,53.0,NPkVill,140000
5,928,928,1,288,1957,1,928,5,Attchd,50.0,OldTown,112500
8,1717,1709,3,908,2006,2,1717,7,Attchd,87.0,NridgHt,255500
4,1126,0,2,520,1949,2,1126,5,Detchd,67.0,Edwards,108000
7,2046,998,3,871,2003,2,1006,8,BuiltIn,85.0,NridgHt,284000
5,1048,993,1,280,1922,1,1048,5,Detchd,58.0,BrkSide,113000
5,1092,1092,1,299,1957,1,1092,6,Attchd,69.0,NAmes,141000
4,1336,637,1,570,1920,1,897,7,CarPort,60.0,IDOTRR,108000
7,1446,729,2,406,1996,2,729,6,Attchd,57.0,Gilbert,175000
7,1557,1374,2,420,2003,2,1557,7,Attchd,,Blmngtn,234000
5,1392,1392,2,528,1957,1,1392,5,Detchd,,Sawyer,121500
5,1389,1389,2,418,1974,1,1389,6,Attchd,77.0,Mitchel,170000
5,996,996,0,0,1940,1,996,6,,63.0,Edwards,108000
6,1674,1163,2,396,1918,2,1163,8,Detchd,66.0,Edwards,185000
7,2295,1095,2,590,1992,2,1166,9,Attchd,,NoRidge,268000
6,1647,806,1,216,1915,1,841,6,Detchd,66.0,SWISU,128000
9,2504,1122,3,656,2005,2,1134,11,BuiltIn,77.0,StoneBr,325000
7,1535,1517,2,532,2004,2,1535,7,Attchd,70.0,NridgHt,214000
8,2132,1496,2,612,1983,1,1496,5,BuiltIn,79.0,SawyerW,316600
5,943,943,2,600,1979,1,943,4,Detchd,,NAmes,135960
5,1728,1728,2,576,1965,2,1728,10,Detchd,74.0,NAmes,142600
6,864,864,1,288,1959,1,864,4,Attchd,60.0,NAmes,120000
7,1692,846,2,650,2009,2,846,6,Attchd,83.0,Timber,224500
7,1430,384,2,400,2000,2,774,8,BuiltIn,76.0,Gilbert,170000
5,1109,372,1,288,1971,1,576,5,BuiltIn,70.0,NAmes,139000
5,1216,832,1,336,1947,1,832,6,Detchd,80.0,NAmes,118500
7,1477,861,1,216,1928,2,877,6,Detchd,52.0,SWISU,145000
5,1320,1164,2,564,1966,1,1320,6,Attchd,96.0,Sawyer,164500
7,1392,689,2,540,2007,2,703,5,Detchd,34.0,Somerst,146000
5,1795,1050,1,352,1954,2,1050,7,Attchd,81.0,OldTown,131500
6,1429,1144,2,572,1960,1,1429,7,Attchd,,NAmes,181900
8,2042,2042,3,1390,2008,2,2042,8,Attchd,98.0,NridgHt,253293
6,816,816,0,0,1990,1,816,5,,81.0,Edwards,118500
10,2775,1237,2,880,1893,3,1521,9,Detchd,75.0,OldTown,325000
4,1573,884,1,240,1935,1,989,6,Detchd,51.0,BrkSide,133000
8,2028,1868,3,880,2005,2,2028,7,Attchd,88.0,Timber,369900
6,838,816,1,275,1918,1,838,5,Detchd,55.0,BrkSide,130000
5,860,840,2,528,1982,1,860,4,Detchd,74.0,Sawyer,137000
5,1473,1437,1,452,1968,1,1473,5,Attchd,65.0,ClearCr,143000
5,935,742,1,308,1930,1,779,4,Detchd,50.0,BrkSide,79500
7,1582,770,2,520,2004,2,770,6,Attchd,64.0,CollgCr,185900
10,2296,1722,3,842,2008,2,1728,10,BuiltIn,97.0,NridgHt,451950
5,816,816,2,816,1982,1,816,4,Detchd,60.0,Mitchel,138000
6,848,848,2,420,2003,1,848,4,Attchd,,CollgCr,140000
5,924,924,1,280,1975,1,924,5,Detchd,88.0,CollgCr,110000
8,1826,1814,3,758,2005,2,1826,7,Attchd,69.0,StoneBr,319000
6,1368,684,1,216,1910,1,684,7,Detchd,60.0,OldTown,114504
7,1402,1258,3,648,2006,0,1402,7,Attchd,53.0,Blmngtn,194201
5,1647,1430,2,621,1977,2,1647,7,Attchd,80.0,Crawfor,217500
6,1556,716,2,452,1980,2,716,6,Attchd,24.0,Blueste,151000
8,1904,1058,2,736,2005,2,1058,8,BuiltIn,74.0,NridgHt,275000
6,1375,780,1,544,1937,1,780,6,Detchd,50.0,IDOTRR,141000
8,1915,908,2,506,1992,2,927,8,Attchd,80.0,SawyerW,220000
7,1200,600,2,480,2004,2,600,4,Detchd,30.0,Somerst,151000
7,1494,1494,2,530,2002,2,1494,6,Attchd,88.0,CollgCr,221000
7,1986,768,2,486,1965,2,1186,7,Attchd,85.0,NAmes,205000
5,1040,1040,2,576,1996,1,1040,6,Detchd,82.0,CollgCr,152000
5,2008,896,1,230,1948,3,1112,8,Attchd,78.0,Edwards,225000
8,3194,965,2,380,1934,2,1940,10,Basment,78.0,Crawfor,359100
4,1029,1029,1,261,1961,1,1029,5,Attchd,61.0,Sawyer,118500
9,2153,1440,3,736,2000,2,1476,8,Attchd,,CollgCr,313000
6,1032,1032,2,564,1978,2,1032,6,Attchd,,NWAmes,148000
8,1872,1299,2,531,2001,2,1299,7,BuiltIn,,CollgCr,261500
5,1120,1120,0,0,2007,1,1120,6,,70.0,Mitchel,147000
4,630,630,0,0,1972,1,630,3,,21.0,MeadowV,75500
6,1054,936,2,480,1963,1,1054,6,Attchd,80.0,NAmes,137500
6,1509,783,2,393,2002,2,807,7,Attchd,,Gilbert,183200
6,832,832,2,528,1954,1,832,4,Detchd,59.0,NAmes,105500
9,1828,1822,3,774,2007,2,1828,9,Attchd,90.0,NridgHt,314813
8,2262,1482,3,749,2003,2,1482,10,Attchd,85.0,Timber,305000
3,864,864,0,0,1914,1,864,5,,45.0,Edwards,67000
6,2614,1522,2,624,1974,2,1548,9,Attchd,90.0,NWAmes,240000
5,980,980,2,484,1977,1,980,6,Detchd,71.0,Sawyer,135000
6,1512,756,2,440,2000,2,756,4,Detchd,,Somerst,168500
6,1790,732,2,484,1972,1,1012,8,Attchd,80.0,NWAmes,165150
6,1116,1116,2,440,1962,1,1116,5,Attchd,87.0,NAmes,160000
5,1422,978,1,286,1960,1,1422,6,Attchd,,NAmes,139900
6,1520,1156,1,364,1955,1,1520,7,Basment,80.0,NAmes,153000
5,2080,1040,2,504,1969,1,1040,9,Attchd,70.0,NAmes,135000
6,1350,1248,2,520,1964,1,1350,6,Attchd,82.0,NAmes,168500
5,1750,636,1,240,1880,1,1089,8,Detchd,50.0,OldTown,124000
8,1554,1554,2,627,2006,2,1554,6,Attchd,34.0,NridgHt,209500
7,1411,1386,2,544,1977,2,1411,6,Attchd,85.0,NWAmes,82500
5,1056,1056,1,260,1954,1,1056,6,Attchd,80.0,NAmes,139400
6,1056,1056,2,576,1980,0,1056,4,Detchd,64.0,OldTown,144000
6,3395,1440,0,0,1914,2,1440,14,,60.0,SWISU,200000
2,800,264,0,0,1936,1,800,4,,51.0,BrkSide,60000
5,1387,811,1,256,1954,2,811,7,BuiltIn,50.0,OldTown,93000
5,796,796,0,0,1910,1,796,4,,67.0,Edwards,85000
8,1567,1520,3,648,2006,2,1567,7,Attchd,53.0,Blmngtn,264561
8,1518,1518,2,588,2003,1,1518,6,Attchd,62.0,NridgHt,274000
7,1929,1057,2,650,2001,2,1057,7,Attchd,,Somerst,226000
8,2704,1952,2,538,1972,2,2000,9,Attchd,75.0,NAmes,345000
5,1620,780,2,462,1969,2,780,7,Attchd,80.0,NWAmes,152000
9,1766,1766,3,478,2009,2,1766,7,Attchd,85.0,Somerst,370878
6,981,981,2,576,1971,1,981,5,Detchd,,NAmes,143250
5,1048,0,2,420,1950,1,1048,7,Detchd,60.0,NAmes,98300
6,1094,1094,2,495,1953,1,1094,5,Attchd,85.0,Edwards,155000
6,1839,756,2,442,1966,1,1051,7,Attchd,70.0,NAmes,155000
4,630,630,0,0,1970,1,630,3,,21.0,MeadowV,84500
7,1665,813,2,562,2007,2,822,7,Attchd,65.0,Somerst,205950
4,1510,755,1,296,1940,1,755,7,Detchd,60.0,Edwards,108000
7,1716,880,2,512,1996,2,909,7,Attchd,70.0,CollgCr,191000
6,1469,756,1,216,1906,1,756,7,Detchd,60.0,IDOTRR,135000
8,2113,2109,3,839,1995,2,2113,7,Attchd,91.0,NoRidge,350000
6,1092,525,1,264,1971,1,525,6,Detchd,21.0,BrDale,88000
5,1053,1053,1,312,1959,1,1053,5,Attchd,72.0,NAmes,145500
7,1502,776,1,270,1931,1,851,6,Attchd,60.0,Crawfor,149000
6,1458,912,1,330,1948,1,912,6,Attchd,78.0,NAmes,97500
5,1486,1486,2,480,1964,1,1486,7,Detchd,75.0,Edwards,167000
7,1935,793,2,550,1976,2,1142,7,Attchd,,NWAmes,197900
8,2448,1629,3,711,1994,2,1686,8,Attchd,52.0,NoRidge,402000
6,1392,1392,2,576,1968,1,1392,5,Attchd,120.0,NAmes,110000
4,1181,1138,2,588,1972,2,1181,6,Detchd,90.0,Edwards,137500
8,2097,2077,3,1134,2005,1,2097,8,Attchd,49.0,Somerst,423000
8,1936,1406,2,504,2000,2,1454,7,Attchd,106.0,Gilbert,230500
6,2380,1021,2,596,1965,2,1465,7,CarPort,,NAmes,129000
6,1679,1408,2,575,1994,2,1679,7,Attchd,65.0,SawyerW,193500
5,1437,1188,2,576,1956,1,1437,6,Detchd,,Sawyer,168000
4,1180,700,1,252,1922,1,1180,5,Detchd,80.0,Crawfor,137500
6,1476,738,2,540,2005,2,738,7,Attchd,64.0,CollgCr,173500
6,1369,672,1,300,1925,2,697,6,Detchd,54.0,Edwards,103600
6,1208,1208,2,546,1977,1,1208,6,Attchd,,Veenker,165000
6,1839,1477,2,416,1957,2,1839,7,Attchd,110.0,Crawfor,257500
6,1136,1136,1,384,1965,1,1136,5,Attchd,80.0,NAmes,140000
6,1441,855,2,440,1978,2,855,7,Attchd,24.0,NPkVill,148500
4,1774,1095,3,779,1900,2,1095,8,2Types,60.0,OldTown,87000
5,792,768,1,240,1924,1,792,5,Detchd,52.0,OldTown,109500
8,2046,2046,3,834,2008,2,2046,7,Attchd,80.0,StoneBr,372500
5,988,988,2,572,1961,1,988,5,Detchd,,Sawyer,128500
6,923,923,1,264,1980,2,923,5,Attchd,50.0,SawyerW,143000
5,1520,793,1,281,1932,1,848,6,Detchd,55.0,SWISU,159434
6,1291,1291,2,431,1996,1,1291,6,Attchd,,ClearCr,173000
9,1668,1626,3,702,2002,2,1668,7,Attchd,90.0,CollgCr,285000
7,1839,1195,2,486,1998,2,1195,7,Attchd,58.0,NoRidge,221000
7,2090,1190,2,577,1984,2,1190,6,Attchd,,StoneBr,207500
7,1761,874,2,578,2007,3,874,7,Attchd,84.0,Somerst,227875
7,1102,551,2,480,2004,2,551,4,Detchd,,Somerst,148800
8,1419,1419,2,567,2007,2,1419,7,Attchd,60.0,StoneBr,392000
6,1362,1362,2,460,2005,2,1362,6,Attchd,61.0,NridgHt,194700
6,848,848,2,420,2004,1,848,3,Attchd,,CollgCr,141000
10,4316,2444,3,832,1994,3,2444,10,Attchd,104.0,NoRidge,755000
7,2519,1210,2,628,1989,2,1238,9,Attchd,42.0,Timber,335000
5,1073,1073,1,326,1921,1,1073,4,Detchd,60.0,OldTown,108480
5,1539,927,2,576,1936,1,1067,5,Detchd,51.0,BrkSide,141500
6,1137,1112,2,551,1987,2,1137,5,Attchd,54.0,Timber,176000
5,616,616,1,205,1921,1,616,4,Detchd,50.0,BrkSide,89000
5,1148,980,1,308,1952,1,1148,6,Detchd,57.0,Edwards,123500
5,894,894,1,336,1965,1,894,5,Detchd,65.0,Sawyer,138500
7,1391,1391,2,530,2004,2,1391,5,Attchd,59.0,Somerst,196000
8,1800,1800,3,765,2002,2,1800,7,Attchd,85.0,Timber,312500
7,1164,1164,2,528,1969,1,1164,6,Attchd,80.0,NWAmes,140000
8,2576,1234,3,666,2006,2,1264,10,BuiltIn,82.0,StoneBr,361919
5,1812,360,2,672,1900,2,1032,8,Detchd,76.0,OldTown,140000
7,1484,1473,2,606,2004,2,1484,7,Attchd,70.0,CollgCr,213000
4,1092,0,0,0,1930,2,372,7,,70.0,IDOTRR,55000
7,1824,1643,2,739,1971,2,1824,5,Attchd,,ClearCr,302000
8,1324,1324,2,550,2006,2,1324,6,Attchd,48.0,NridgHt,254000
7,1456,728,2,400,2007,2,728,8,Attchd,65.0,Gilbert,179540
5,904,876,1,408,1966,1,904,6,Attchd,,Sawyer,109900
3,729,270,0,0,1935,1,729,5,,56.0,BrkSide,52000
4,1178,859,1,384,1900,1,859,7,Detchd,66.0,IDOTRR,102776
8,1228,1228,2,472,1988,2,1228,5,Attchd,40.0,StoneBr,189000
4,960,960,2,576,1970,1,960,6,Detchd,60.0,BrkSide,129000
6,1479,725,2,475,1976,2,725,6,Attchd,,Sawyer,130500
6,1350,1064,2,478,1974,2,1350,7,Attchd,78.0,NWAmes,165000
7,2554,718,2,704,1890,1,1576,8,Detchd,60.0,OldTown,159500
5,1178,1176,2,439,1973,1,1178,5,Attchd,80.0,NWAmes,157000
7,2418,1311,3,983,1993,2,1325,9,Attchd,96.0,NoRidge,341000
5,971,971,1,300,1969,1,971,5,Attchd,69.0,CollgCr,128500
8,1742,1742,2,564,1985,2,1742,5,Attchd,,StoneBr,275000
6,848,848,2,420,2004,1,848,3,Attchd,,CollgCr,143000
4,864,864,2,463,1970,1,864,5,Detchd,70.0,NAmes,124500
4,1470,941,1,548,1954,2,997,7,Detchd,60.0,Edwards,135000
9,1698,1698,3,768,2007,2,1698,8,Attchd,86.0,Edwards,320000
4,864,864,2,660,1970,1,864,5,Detchd,60.0,NAmes,120500
6,1680,880,2,540,1988,2,1680,5,Attchd,,Crawfor,222000
7,1232,1232,2,632,2007,2,1232,6,Attchd,64.0,CollgCr,194500
5,1776,1584,3,888,1958,2,1776,9,Detchd,85.0,NAmes,110000
4,1208,780,2,539,1925,1,848,5,Detchd,52.0,IDOTRR,103000
8,1616,1595,2,608,1995,2,1616,5,Attchd,39.0,StoneBr,236500
7,1146,868,2,438,2003,2,1146,6,Attchd,73.0,Timber,187500
7,2031,1153,2,541,1998,2,1153,8,Attchd,75.0,CollgCr,222500
5,1144,864,1,264,1961,1,1144,6,Attchd,80.0,Sawyer,131400
5,948,948,1,300,1968,1,948,6,Attchd,,Sawyer,108000
7,1768,880,2,320,1914,1,880,6,Detchd,60.0,OldTown,163000
3,1040,0,2,400,1950,2,1040,6,Detchd,60.0,NAmes,93500
8,1801,893,3,800,2005,2,901,8,Attchd,72.0,Gilbert,239900
5,1200,1200,0,0,1987,3,1200,5,,60.0,Edwards,179000
7,1728,864,2,572,2004,2,864,7,Attchd,65.0,CollgCr,190000
5,1432,264,2,360,1910,2,768,7,Detchd,60.0,OldTown,132000
6,912,912,1,288,1961,1,912,5,Detchd,65.0,Sawyer,142000
7,1349,1349,2,539,2000,2,1349,6,Attchd,65.0,SawyerW,179000
5,1464,520,2,480,1963,2,1464,6,Attchd,70.0,Sawyer,175000
8,1337,1337,2,462,1993,2,1337,5,Attchd,41.0,StoneBr,180000
8,2715,1142,2,831,1976,3,1175,11,BuiltIn,,NWAmes,299800
7,2256,952,2,554,2000,2,980,8,BuiltIn,,Gilbert,236000
7,2640,1240,4,864,1880,1,1320,8,Detchd,65.0,OldTown,265979
7,1720,1720,2,527,1996,2,1720,7,Attchd,59.0,NoRidge,260400
4,1529,0,1,240,1945,2,1088,9,Detchd,50.0,Edwards,98000
4,1140,576,0,0,1910,1,792,7,,55.0,OldTown,96500
7,1320,660,2,400,2003,2,660,6,Attchd,,Gilbert,162000
6,1494,1479,2,576,1997,2,1494,6,Attchd,79.0,CollgCr,217000
8,2098,1030,3,878,2005,2,1038,8,Attchd,80.0,NridgHt,275500
6,1026,1026,2,440,1969,1,1026,5,Detchd,61.0,NAmes,156000
6,1471,729,2,440,1999,2,742,6,Detchd,34.0,Somerst,172500
8,1768,866,2,578,2007,2,866,7,Attchd,68.0,CollgCr,212000
6,1386,672,2,440,1978,2,672,6,Attchd,,Sawyer,158900
7,1501,744,2,440,1999,2,757,6,Detchd,24.0,Somerst,179400
8,2531,1318,3,752,1995,2,1328,9,Attchd,65.0,NoRidge,290000
6,864,864,1,300,1959,1,864,5,Detchd,70.0,NAmes,127500
5,1301,1145,2,440,1924,1,1301,5,Detchd,60.0,BrkSide,100000
7,1547,756,2,614,2009,2,764,7,Attchd,72.0,Somerst,215200
8,2365,1252,3,856,1999,2,1268,8,Attchd,82.0,NoRidge,337000
8,1494,1494,2,481,1995,1,1494,6,Attchd,30.0,Veenker,270000
9,1506,1498,2,592,2008,2,1506,6,Attchd,75.0,Somerst,264132
7,1714,980,2,496,1988,2,980,7,Attchd,80.0,NWAmes,196500
6,1750,983,1,423,1940,2,983,7,Attchd,75.0,Mitchel,160000
7,1836,1860,2,484,2004,2,1836,8,Attchd,70.0,CollgCr,216837
8,3279,1650,3,841,2003,3,1690,12,BuiltIn,47.0,StoneBr,538000
5,858,858,2,576,1982,1,858,5,Detchd,,Sawyer,134900
4,1220,836,2,396,1951,1,1220,6,Detchd,67.0,Edwards,102000
6,1117,1029,2,672,1976,1,1117,6,Detchd,94.0,Edwards,107000
5,912,912,1,275,1958,1,912,5,Attchd,70.0,NAmes,114500
8,1973,1935,3,895,2006,2,1973,9,Attchd,110.0,NridgHt,395000
6,1204,1204,2,412,1998,2,1204,5,Attchd,32.0,Mitchel,162000
7,1614,1614,3,865,2005,2,1614,7,Attchd,86.0,CollgCr,221500
5,894,864,2,440,1974,1,894,5,Attchd,100.0,Sawyer,142500
5,2020,0,2,630,1977,2,2020,10,Detchd,60.0,SawyerW,144000
6,1004,975,2,504,1977,1,1004,4,Attchd,78.0,Mitchel,135000
7,1253,1237,2,402,1995,2,1253,6,Attchd,63.0,Gilbert,176000
6,1603,761,2,484,1992,2,810,7,Attchd,65.0,SawyerW,175900
7,1430,1413,2,605,2001,2,1430,6,Attchd,67.0,CollgCr,187100
5,1110,1097,2,602,1978,1,1110,4,Attchd,,Mitchel,165500
6,1484,742,0,0,1914,2,742,9,,35.0,OldTown,128000
6,1342,1372,2,457,1967,2,1342,7,Attchd,,NWAmes,161500
5,1652,686,1,416,1915,2,966,7,Detchd,60.0,OldTown,139000
7,2084,956,2,618,2004,2,956,8,BuiltIn,76.0,SawyerW,233000
4,901,901,1,281,1954,1,901,4,Detchd,50.0,OldTown,107900
6,2087,832,2,444,1966,2,976,9,Attchd,,ClearCr,187500
7,1145,1145,2,397,2005,2,1145,5,Attchd,43.0,Blmngtn,160200
6,1062,1029,2,539,1976,1,1062,5,Attchd,,Mitchel,146800
7,2013,1117,2,455,1996,2,1127,8,Attchd,92.0,NoRidge,269790
8,1496,1496,2,474,2007,2,1496,7,Attchd,76.0,Somerst,225000
7,1895,712,2,409,1994,2,1086,7,Attchd,,Gilbert,194500
6,1564,650,2,476,1980,2,888,7,Attchd,70.0,SawyerW,171000
6,1285,660,2,528,1977,1,1285,7,Attchd,71.0,Sawyer,143500
5,773,773,1,240,1953,1,773,4,Attchd,57.0,NAmes,110000
9,3140,1926,3,820,2008,3,1966,11,BuiltIn,104.0,NridgHt,485000
5,1768,731,1,240,1937,1,981,7,Detchd,60.0,SWISU,175000
6,1688,616,2,603,1997,2,616,8,Attchd,79.0,ClearCr,200000
4,1196,1196,2,440,1916,1,1196,5,Detchd,40.0,IDOTRR,109900
7,1456,728,2,410,2005,2,728,7,Attchd,63.0,CollgCr,189000
9,2822,1734,3,1020,2008,3,1734,12,BuiltIn,107.0,NridgHt,582933
5,1128,936,1,286,1954,1,1128,5,Attchd,75.0,NAmes,118000
7,1428,1417,2,554,2008,2,1428,6,Attchd,91.0,Somerst,227680
5,980,980,1,384,1967,2,980,6,Attchd,75.0,NAmes,135500
5,1576,1324,2,528,1923,1,1072,6,Attchd,144.0,BrkSide,223500
5,1086,1024,2,484,1966,1,1086,6,Attchd,85.0,NAmes,159950
5,2138,849,2,360,1898,2,1075,11,Detchd,90.0,OldTown,106000
6,1309,1040,2,484,1974,1,1309,5,Attchd,78.0,NWAmes,181000
6,848,848,2,420,2004,1,848,4,Attchd,,CollgCr,144500
5,1044,540,2,504,1952,1,1044,4,Basment,66.0,IDOTRR,55993
6,1442,1442,1,301,1958,1,1442,7,Attchd,75.0,NAmes,157900
5,1250,686,1,280,1918,1,686,7,Detchd,45.0,Edwards,116000
7,1661,1649,2,598,1998,2,1661,6,Attchd,48.0,CollgCr,224900
5,1008,1008,1,275,1954,1,1008,4,Attchd,,NAmes,137000
8,1689,1568,3,857,2002,2,1689,7,Attchd,,Mitchel,271000
6,1052,1010,2,440,1971,1,1052,6,Attchd,80.0,ClearCr,155000
7,1358,1358,2,484,2009,2,1358,6,Attchd,44.0,NridgHt,224000
7,1640,798,2,595,2003,2,798,6,Attchd,72.0,CollgCr,183000
4,936,936,2,576,1953,1,936,4,Detchd,60.0,OldTown,93000
7,1733,847,2,433,2003,2,847,7,BuiltIn,,Gilbert,225000
6,1489,778,1,240,1940,2,944,7,Detchd,60.0,SWISU,139500
8,1489,1489,2,776,2006,2,1489,7,Attchd,81.0,Somerst,232600
10,2084,2078,3,1220,2007,2,2084,7,Attchd,114.0,NridgHt,385000
5,784,784,0,0,1924,1,784,5,,50.0,BrkSide,109500
7,1434,1454,2,527,2001,2,1434,6,Attchd,65.0,SawyerW,189000
5,2126,1013,2,538,1967,2,1160,7,Attchd,,ClearCr,185000
7,1223,600,2,480,2005,2,520,4,Detchd,24.0,Somerst,147400
6,1392,1392,2,458,1957,1,1392,6,Attchd,80.0,NAmes,166000
7,1200,600,2,480,2005,2,520,4,Detchd,30.0,Somerst,151000
7,1829,941,2,613,2003,2,941,7,Attchd,44.0,CollgCr,237000
6,1516,1516,2,472,1964,1,1516,6,Attchd,100.0,NAmes,167000
5,1144,1144,2,456,1961,1,1144,6,Attchd,75.0,NAmes,139950
4,1067,1067,2,436,1950,2,1067,4,Attchd,60.0,Sawyer,128000
5,1559,1559,2,812,1948,1,1559,5,Detchd,90.0,OldTown,153500
6,987,483,1,264,1973,1,483,5,Detchd,21.0,BrDale,100000
5,1099,1099,1,352,1995,1,1099,6,Attchd,75.0,CollgCr,144000
5,1200,768,1,240,1946,1,768,6,Detchd,70.0,Edwards,130500
6,1482,672,1,400,1925,2,810,7,Detchd,,SWISU,140000
5,1539,650,2,686,1904,2,958,8,Detchd,60.0,OldTown,157500
6,1165,1127,2,490,1966,1,1165,6,Attchd,82.0,NAmes,174900
5,1800,1800,0,0,1961,2,1800,10,,80.0,NAmes,141000
5,1416,876,3,720,1915,1,876,7,Detchd,100.0,OldTown,153900
5,1701,1390,2,611,1975,2,1701,6,Basment,,Sawyer,171000
7,1775,740,2,425,1993,2,1006,7,Attchd,75.0,SawyerW,213000
5,864,864,1,338,1972,1,864,5,Attchd,36.0,CollgCr,133500
6,2358,907,2,360,1908,3,1307,10,Detchd,75.0,ClearCr,240000
6,1855,528,2,512,1976,2,1094,7,Attchd,80.0,Veenker,187000
6,848,848,2,420,2003,1,848,3,Attchd,36.0,CollgCr,131500
8,1456,1273,2,400,2003,2,1456,7,Attchd,,Blmngtn,215000
7,1646,918,1,240,1941,2,918,7,Detchd,53.0,Crawfor,164000
6,1445,1127,2,645,1964,1,1445,7,Attchd,,NAmes,158000
5,1779,1763,2,454,1955,1,1779,6,Attchd,102.0,Sawyer,170000
5,1040,1040,1,260,1962,1,1040,6,Detchd,,Sawyer,127000
6,1026,940,2,576,1978,1,1026,5,Detchd,,CollgCr,147000
6,1481,702,2,343,1994,2,702,6,Attchd,65.0,Gilbert,174000
7,1370,1090,2,479,1976,2,1370,6,Attchd,80.0,NWAmes,152000
6,2654,1054,2,619,1968,2,1512,9,Attchd,,NWAmes,250000
7,1426,912,1,216,1918,1,912,7,Detchd,55.0,Crawfor,189950
5,1039,1039,2,504,1965,1,1039,6,Attchd,75.0,Sawyer,131500
6,1097,1040,2,480,1984,2,1097,6,Attchd,81.0,SawyerW,152000
5,1148,1148,1,672,1959,1,1148,6,Attchd,70.0,NAmes,132500
7,1372,1372,2,529,2007,2,1372,6,Attchd,72.0,Somerst,250580
5,1002,1002,2,902,1970,1,1002,5,Detchd,,NAmes,148500
8,1646,1638,3,870,2006,2,1646,6,Attchd,67.0,Timber,248900
4,1120,1040,2,544,1961,1,1120,5,Attchd,85.0,Sawyer,129000
5,2320,0,2,672,1948,2,1547,7,Attchd,,Gilbert,169000
7,1949,1050,2,574,1993,2,1062,8,Attchd,80.0,SawyerW,236000
5,894,894,1,308,1962,1,894,5,Detchd,60.0,NAmes,109500
6,1682,804,2,523,1998,2,804,7,Attchd,70.0,CollgCr,200500
5,910,105,2,414,1953,1,910,5,Attchd,74.0,NAmes,116000
5,1268,832,1,288,1949,1,1036,6,Attchd,60.0,NAmes,133000
5,1131,676,1,200,1941,1,676,5,Detchd,52.0,OldTown,66500
8,2610,1184,2,550,2007,2,1184,11,BuiltIn,75.0,Somerst,303477
4,1040,1064,2,648,1963,1,1040,5,Attchd,94.0,Mitchel,132250
9,2224,1462,3,738,2004,2,1462,10,Attchd,74.0,NridgHt,350000
5,1155,1109,2,576,1961,1,1155,6,Detchd,88.0,Sawyer,148000
5,864,864,1,336,1978,1,864,6,Attchd,,CollgCr,136500
5,1090,1090,2,450,2005,1,1090,5,Attchd,60.0,Edwards,157000
7,1717,1156,2,400,1990,2,1187,7,Attchd,44.0,Timber,187500
6,1593,808,2,389,1992,2,808,7,BuiltIn,,Gilbert,178000
4,2230,795,1,440,1912,1,954,10,Detchd,60.0,SWISU,118500
5,892,892,1,288,1967,1,892,5,Attchd,65.0,NAmes,100000
9,1709,1698,2,506,1999,2,1709,5,Attchd,50.0,Somerst,328900
5,1712,1626,2,588,1959,2,1712,8,Attchd,70.0,NAmes,145000
5,1393,816,1,300,1955,1,872,8,Attchd,59.0,Edwards,135500
8,2217,2217,2,621,1970,2,2217,8,Attchd,95.0,NAmes,268000
6,1505,1505,2,505,1953,1,1505,6,Attchd,128.0,NAmes,149500
5,924,672,2,576,1949,1,672,6,Detchd,60.0,NAmes,122900
6,1683,918,2,440,1978,2,918,7,Attchd,70.0,Sawyer,172500
6,1068,1059,1,264,1963,1,1068,6,Attchd,70.0,Sawyer,154500
5,1383,1383,1,354,1954,1,1383,6,Attchd,,Sawyer,165000
5,1535,0,2,400,1979,2,1535,8,Attchd,64.0,SawyerW,118858
6,1796,780,2,483,1963,1,983,8,Attchd,71.0,NAmes,140000
4,951,951,1,327,1936,1,951,6,Detchd,50.0,IDOTRR,106500
5,2240,0,2,528,1979,2,1120,12,Detchd,64.0,SawyerW,142953
9,2364,2330,3,820,2009,2,2364,11,Attchd,100.0,NridgHt,611657
5,1236,912,1,288,1961,1,1236,6,Attchd,65.0,Sawyer,135000
4,858,858,1,684,1971,1,858,4,Detchd,,NAmes,110000
5,1306,992,1,756,1957,1,1306,5,Detchd,64.0,NAmes,153000
7,1509,783,2,393,2003,2,807,8,Attchd,63.0,Gilbert,180000
7,1670,1670,3,690,2006,2,1670,7,Attchd,50.0,Gilbert,240000
5,902,876,1,288,1967,1,902,6,Attchd,,Sawyer,125500
5,1063,1056,1,280,1954,1,1063,6,Attchd,80.0,NAmes,128000
8,1636,1623,3,865,2006,2,1636,8,Attchd,116.0,Somerst,255000
7,2057,1017,1,180,1936,1,1020,6,Attchd,86.0,Crawfor,250000
5,902,864,2,484,1983,1,902,5,Attchd,,Mitchel,131000
6,1484,742,2,390,2005,2,742,8,Attchd,149.0,Gilbert,174000
5,2274,1105,2,480,1960,2,1105,12,Detchd,80.0,NAmes,154300
5,1268,1268,1,252,1977,1,1268,5,Detchd,,CollgCr,143500
5,1015,768,1,450,1925,1,1015,6,Detchd,51.0,BrkSide,88000
5,2002,1001,3,871,1949,2,1001,8,2Types,82.0,Crawfor,145000
6,1224,612,2,528,2009,2,612,4,Detchd,30.0,Somerst,173733
4,1092,546,1,286,1970,1,546,6,Attchd,21.0,MeadowV,75000
2,480,480,1,308,1949,0,480,4,Detchd,50.0,IDOTRR,35311
4,1229,1134,1,284,1956,1,1229,6,Attchd,,Edwards,135000
7,2127,1104,3,833,1991,2,912,8,Attchd,103.0,SawyerW,238000
6,1414,1184,2,601,1958,1,1414,6,Attchd,87.0,NAmes,176500
6,1721,928,2,471,1994,2,936,7,Attchd,70.0,SawyerW,201000
5,2200,1272,0,0,1900,2,1272,9,,67.0,Edwards,145900
6,1316,1316,2,397,2005,2,1316,6,Attchd,65.0,Gilbert,169990
6,1617,1604,2,533,1993,2,1617,5,Attchd,50.0,SawyerW,193000
6,1686,1686,2,612,1980,2,1686,7,Attchd,79.0,NWAmes,207500
5,1126,1126,2,540,1977,2,1126,6,Attchd,,NWAmes,175000
8,2374,1181,3,656,2003,2,1234,10,BuiltIn,93.0,NridgHt,285000
7,1978,832,2,486,1968,2,1098,9,Attchd,,NWAmes,176000
8,1788,1753,2,522,2001,2,1788,7,Attchd,,CollgCr,236500
7,2236,964,2,642,1997,2,993,8,BuiltIn,,Gilbert,222000
8,1466,1466,3,610,2007,2,1466,7,Attchd,73.0,Timber,201000
5,925,925,1,429,1965,1,925,5,Detchd,70.0,NAmes,117500
9,1905,1905,3,788,2006,2,1905,8,Attchd,84.0,Somerst,320000
7,1500,1500,2,570,2004,2,1500,6,Attchd,63.0,CollgCr,190000
7,2069,585,2,505,1960,2,2069,9,Attchd,313.0,NAmes,242000
4,747,600,2,528,1926,1,747,5,Detchd,52.0,BrkSide,79900
7,1200,1176,2,555,2003,2,1200,5,Attchd,67.0,SawyerW,184900
7,1971,1113,2,689,2005,2,1113,8,Attchd,75.0,Somerst,253000
7,1962,1391,3,868,2006,2,1391,7,Attchd,73.0,CollgCr,239799
7,2403,1032,1,349,1940,2,1207,10,Attchd,,ClearCr,244400
6,1728,1728,2,574,1976,2,1728,8,Attchd,55.0,Mitchel,150900
7,2060,992,2,390,1999,2,1022,8,BuiltIn,,Gilbert,214000
4,1440,1440,0,0,1977,2,1440,8,,42.0,Edwards,150000
5,1632,1632,2,576,1967,2,1632,8,Attchd,100.0,Mitchel,143000
6,1344,819,2,525,1958,1,1344,7,Basment,,Timber,137500
5,1869,1088,2,456,1890,1,1188,7,Detchd,98.0,OldTown,124900
5,1144,1144,1,796,1959,1,1144,6,Attchd,70.0,NAmes,143000
8,1629,1616,3,808,2002,2,1629,9,Attchd,85.0,Timber,270000
7,1776,936,2,474,2002,2,936,7,Attchd,65.0,CollgCr,192500
6,1381,1161,2,676,1972,1,1381,5,Attchd,78.0,NWAmes,197500
5,864,864,2,720,1950,1,864,5,Detchd,60.0,NAmes,129000
5,965,828,1,300,1965,1,965,6,Detchd,60.0,SawyerW,119900
5,768,768,1,396,1972,1,768,5,Detchd,60.0,CollgCr,133900
5,1968,784,2,530,1969,2,1168,7,Attchd,,Mitchel,172000
6,980,945,0,0,1975,2,980,4,,35.0,Edwards,127500
6,1958,979,2,492,1946,2,979,8,Attchd,82.0,Crawfor,145000
6,1229,561,2,462,1980,1,561,5,Attchd,24.0,Blueste,124000
5,1057,1057,2,576,1962,1,1057,6,Detchd,70.0,Sawyer,132000
7,1337,1337,2,531,2003,2,1337,6,Attchd,65.0,CollgCr,185000
7,1416,696,2,484,1999,2,696,6,Detchd,24.0,Somerst,155000
5,858,858,0,0,1958,1,858,4,,50.0,BrkSide,116500
6,2872,1330,2,619,1977,2,1542,11,Attchd,,NWAmes,272000
6,1548,804,2,440,1976,2,804,7,Detchd,24.0,NPkVill,155000
9,1800,1800,2,702,2007,2,1800,7,Attchd,122.0,CollgCr,239000
7,1894,817,2,510,2002,2,824,8,BuiltIn,80.0,Timber,214900
6,1484,783,2,393,2005,2,783,8,Attchd,65.0,Gilbert,178900
5,1308,728,1,256,1940,1,976,7,Detchd,130.0,Crawfor,160000
5,1098,1098,1,260,1955,1,1098,6,Attchd,,NAmes,135000
3,968,600,0,0,1910,1,600,6,,50.0,OldTown,37900
6,1095,588,1,264,1958,1,1095,6,Attchd,75.0,NAmes,140000
4,1192,720,0,0,1949,1,720,6,,60.0,NAmes,135000
7,1626,764,2,474,2003,2,764,6,BuiltIn,36.0,NridgHt,173000
6,918,918,1,264,1979,2,918,5,Attchd,55.0,SawyerW,99500
7,1428,1428,2,480,2007,2,1428,6,Attchd,95.0,Somerst,182000
7,2019,728,2,532,1910,1,1136,8,Detchd,60.0,BrkSide,167500
7,1382,673,2,490,2000,2,673,6,Detchd,,Somerst,165000
4,869,440,0,0,1923,1,869,4,,51.0,BrkSide,85500
7,1241,1241,2,569,2006,1,1241,4,Attchd,35.0,Somerst,199900
4,894,894,2,400,1954,1,894,5,Detchd,68.0,Edwards,110000
5,1121,1121,2,480,1963,1,1121,5,Detchd,80.0,Sawyer,139000
7,999,944,2,588,1961,1,999,6,Attchd,,NAmes,178400
8,2612,1225,3,676,1998,2,1276,8,Attchd,98.0,NoRidge,336000
7,1266,1266,2,388,2007,2,1266,6,Attchd,43.0,Blmngtn,159895
8,2290,1128,2,779,2002,2,1149,9,Attchd,,CollgCr,255900
5,1734,0,2,539,1977,2,1302,8,Attchd,75.0,Mitchel,126000
5,1164,1164,1,240,1950,1,1164,5,Detchd,68.0,Edwards,125000
6,1635,485,1,255,1910,1,1001,5,Attchd,59.0,OldTown,117000
9,1940,1930,3,606,2009,2,1940,8,Attchd,83.0,NridgHt,395192
6,2030,848,2,551,1976,2,1118,8,Attchd,,NWAmes,195000
7,1576,770,2,614,2006,2,778,6,Attchd,65.0,Somerst,197000
8,2392,1396,3,870,1997,2,1407,7,Attchd,82.0,NoRidge,348000
8,1742,916,2,424,1882,1,916,8,Attchd,121.0,OldTown,168000
6,1851,822,2,440,1964,2,1020,7,Attchd,80.0,NAmes,187000
6,1500,750,2,564,2005,2,750,6,Attchd,68.0,CollgCr,173900
10,1718,1700,3,786,2006,2,1718,7,Attchd,96.0,NridgHt,337500
4,1230,747,1,305,1946,1,774,5,Detchd,51.0,BrkSide,121600
5,1050,1050,1,368,1961,1,1050,6,Attchd,,NAmes,136500
6,1442,1442,2,615,1970,2,1442,6,Attchd,,NWAmes,185000
3,1077,1007,1,210,1922,1,1077,6,Detchd,60.0,IDOTRR,91000
7,1208,1187,2,632,2006,2,1208,6,Attchd,64.0,CollgCr,206000
3,944,0,2,528,1952,1,944,4,Detchd,74.0,Edwards,82000
5,691,691,1,216,1920,1,691,4,Detchd,60.0,OldTown,86000
8,1574,1574,3,824,2006,2,1574,7,Attchd,75.0,Somerst,232000
5,1680,1680,2,528,1976,2,1680,8,Detchd,,NWAmes,136905
7,1504,1346,2,457,2005,2,1504,7,Attchd,43.0,Blmngtn,181000
5,985,985,1,328,1977,2,985,6,Attchd,65.0,CollgCr,149900
6,1657,1657,2,484,1970,2,1657,7,Attchd,,NAmes,163500
4,1092,546,1,286,1970,1,546,6,Attchd,21.0,MeadowV,88000
7,1710,1710,2,550,2004,2,1710,7,Attchd,43.0,Mitchel,240000
5,1522,1008,0,0,1926,2,1008,7,,60.0,SWISU,102000
5,1271,720,1,312,1948,2,720,7,Attchd,115.0,Sawyer,135000
5,1664,0,0,0,1965,2,1664,8,,75.0,Edwards,100000
6,1502,602,1,180,1923,1,900,7,Detchd,55.0,Crawfor,165000
5,1022,1022,1,280,1910,1,1022,4,Detchd,60.0,OldTown,85000
6,1082,1082,1,240,1948,1,1082,5,Detchd,60.0,NAmes,119200
8,1665,810,2,528,2001,2,810,6,Attchd,70.0,NWAmes,227000
7,1504,1504,2,478,1996,2,1504,6,Attchd,73.0,CollgCr,203000
8,1360,1220,2,565,1984,1,1360,4,Attchd,,StoneBr,187500
7,1472,384,2,402,1991,2,802,7,Attchd,,Gilbert,160000
7,1506,1362,2,440,2005,2,1506,6,Attchd,43.0,Blmngtn,213490
4,1132,1132,2,451,2005,1,1132,5,Attchd,60.0,Edwards,176000
7,1220,1199,2,632,2006,2,1220,6,Attchd,64.0,CollgCr,194000
5,1248,912,1,160,1930,1,912,6,Detchd,52.0,OldTown,87000
7,1504,1346,2,437,2005,2,1504,7,Attchd,43.0,Blmngtn,191000
8,2898,1565,2,665,1976,2,2898,10,Attchd,,Timber,287000
5,882,882,2,461,1972,1,882,5,Detchd,70.0,CollgCr,112500
5,1264,1268,2,461,1960,1,1264,6,Attchd,73.0,NAmes,167500
8,1646,1638,3,800,2007,2,1646,7,Attchd,71.0,Timber,293077
5,1376,768,1,240,1941,1,968,6,Attchd,79.0,NAmes,105000
6,1218,672,1,264,1972,1,672,7,Detchd,21.0,BrDale,118000
5,1928,686,0,0,1916,2,948,10,,,SWISU,160000
7,3082,824,2,672,1920,2,1687,12,Basment,102.0,SWISU,197000
8,2520,1338,3,796,1993,2,1352,10,Attchd,,NoRidge,310000
7,1654,1654,3,900,2002,2,1654,6,Attchd,,CollgCr,230000
5,954,920,1,240,1938,1,954,5,Basment,50.0,Crawfor,119750
4,845,0,1,290,1957,1,845,5,Detchd,,Edwards,84000
9,1620,1620,3,912,2007,2,1620,6,Attchd,89.0,Timber,315500
8,2263,1055,2,905,2001,2,1055,7,BuiltIn,,CollgCr,287000
4,1344,546,0,0,1970,1,798,6,,21.0,MeadowV,97000
4,630,630,1,286,1970,1,630,3,Attchd,21.0,MeadowV,80000
5,1803,1134,2,484,1957,2,1803,8,Attchd,88.0,Sawyer,155000
6,1632,800,2,484,1966,1,800,7,Attchd,,NWAmes,173000
6,1306,1306,2,624,2005,2,1306,5,Attchd,34.0,NridgHt,196000
7,2329,1475,2,514,1990,2,1532,10,Attchd,86.0,SawyerW,262280
8,2524,2524,2,542,1981,2,2524,9,Attchd,80.0,NWAmes,278000
3,1733,0,2,452,1955,2,1733,8,Attchd,,Edwards,139600
9,2868,1992,3,716,2005,3,1992,11,BuiltIn,85.0,StoneBr,556581
5,990,990,2,672,1994,1,990,5,Detchd,57.0,CollgCr,145000
5,1771,0,2,336,1960,1,1771,9,Attchd,100.0,Mitchel,115000
4,930,0,1,308,1946,1,930,6,Detchd,60.0,Edwards,84900
7,1302,1302,2,436,2007,2,1302,6,Attchd,73.0,Gilbert,176485
7,1316,1316,2,440,2007,2,1316,6,Attchd,103.0,CollgCr,200141
6,1977,816,2,540,1964,1,1127,9,Attchd,100.0,NAmes,165000
5,1526,1216,1,364,1957,1,1526,7,Basment,68.0,Edwards,144500
8,1989,1065,2,586,2002,2,1091,7,Attchd,90.0,CollgCr,255000
6,1523,1193,2,478,1976,2,1523,7,Attchd,104.0,NWAmes,180000
7,1364,1364,2,484,2005,2,1364,6,Attchd,43.0,NridgHt,185850
7,1850,973,2,467,1994,2,979,7,BuiltIn,,NoRidge,248000
9,2184,1104,3,836,2008,2,1130,10,Attchd,96.0,NridgHt,335000
6,1991,854,2,432,1932,1,1096,7,Detchd,,Crawfor,220000
8,1338,1338,2,582,2001,2,1338,6,Attchd,41.0,StoneBr,213500
3,894,894,3,1248,1935,1,894,6,Detchd,120.0,IDOTRR,81000
5,2337,662,2,560,1900,2,1422,10,Detchd,85.0,OldTown,90000
6,1103,1103,2,440,1925,1,1103,5,Detchd,50.0,OldTown,110500
5,1154,1154,2,480,1966,1,1154,6,Attchd,,NAmes,154000
7,2260,1306,2,533,1996,2,1306,7,Attchd,80.0,ClearCr,328000
6,1571,799,2,380,1993,2,799,7,Attchd,59.0,Gilbert,178000
6,1611,780,2,442,1964,1,798,7,Attchd,80.0,NAmes,167900
6,2521,942,2,576,1973,2,1291,10,Attchd,42.0,MeadowV,151400
5,893,845,2,576,1949,1,893,4,Detchd,60.0,NAmes,135000
5,1048,1048,1,286,1956,1,1048,6,Attchd,72.0,NAmes,135000
6,1556,727,2,441,1968,1,829,8,Attchd,78.0,NWAmes,154000
5,1456,810,1,280,1948,1,1002,7,Detchd,50.0,Edwards,91500
6,1426,690,2,440,1977,1,698,6,Attchd,75.0,Edwards,159500
7,1240,1240,3,826,2006,2,1240,5,Attchd,74.0,CollgCr,194000
7,1740,800,1,240,1940,1,960,6,Attchd,75.0,Crawfor,219500
5,1466,796,2,566,1936,2,1096,7,Attchd,60.0,OldTown,170000
5,1096,1096,1,299,1969,1,1096,6,Attchd,,NAmes,138800
6,848,848,2,420,2004,1,848,3,Attchd,37.0,CollgCr,155900
5,990,990,1,299,1994,1,990,5,Attchd,65.0,CollgCr,126000
6,1258,1258,2,528,1971,2,1258,5,Attchd,80.0,NWAmes,145000
5,1040,1040,1,308,1963,1,1040,5,Attchd,75.0,Sawyer,133000
7,1459,1459,2,527,2002,2,1459,6,Attchd,70.0,CollgCr,192000
6,1251,1251,1,461,1964,1,1251,6,Attchd,80.0,NAmes,160000
6,1498,691,2,409,1995,2,691,6,Attchd,,Gilbert,187500
6,996,936,2,564,1992,1,996,5,Attchd,73.0,SawyerW,147000
4,1092,546,1,286,1973,1,546,6,Attchd,,MeadowV,83500
8,1953,1082,3,1043,2005,2,1082,9,Attchd,85.0,Somerst,252000
7,1709,970,2,380,2004,2,970,7,Detchd,24.0,Edwards,137500
8,1247,1247,2,550,2005,1,1247,4,Attchd,37.0,Somerst,197000
3,1040,0,2,400,1950,2,1040,6,Detchd,60.0,NAmes,92900
7,1252,600,2,462,1999,2,624,4,Detchd,24.0,Somerst,160000
6,1694,1181,2,576,1925,2,1390,7,Detchd,60.0,SWISU,136500
5,1200,864,2,884,1965,1,1200,6,Detchd,71.0,NAmes,146000
5,936,936,1,308,1956,1,936,4,Attchd,74.0,NAmes,129000
6,1314,1314,2,440,2006,2,1314,6,Attchd,78.0,CollgCr,176432
6,1355,684,0,0,1914,1,773,7,,60.0,IDOTRR,127000
8,1088,1074,2,461,1986,1,1088,5,Attchd,,StoneBr,170000
4,1324,672,1,240,1936,1,757,6,Detchd,50.0,BrkSide,128000
7,1601,1271,2,478,1978,2,1601,7,Attchd,82.0,NWAmes,157000
2,438,290,1,246,1920,1,438,3,Detchd,60.0,SWISU,60000
5,950,950,1,280,1971,1,950,5,Detchd,61.0,NAmes,119500
5,1134,1010,1,254,1960,1,1134,6,Attchd,70.0,NAmes,135000
6,1194,655,2,539,1959,1,1194,6,BuiltIn,79.0,NAmes,159500
5,1302,630,2,440,1970,2,630,6,Detchd,24.0,BrDale,106000
8,2622,1463,2,712,1994,2,1500,9,Attchd,98.0,NoRidge,325000
7,1442,910,2,719,1990,2,1442,6,Attchd,114.0,SawyerW,179900
7,2021,868,2,422,2006,2,887,9,BuiltIn,168.0,Gilbert,274725
6,1690,924,2,463,2000,2,948,7,Attchd,,Gilbert,181000
8,1836,1836,3,862,2004,2,1836,7,Attchd,107.0,NridgHt,280000
6,1658,773,2,431,1995,2,773,8,Attchd,,Gilbert,188000
7,1964,803,2,483,1976,2,1098,8,Attchd,80.0,NWAmes,205000
5,816,816,1,308,1957,1,816,5,Detchd,73.0,NAmes,129900
5,1008,1008,1,240,1953,1,1008,6,Attchd,66.0,NAmes,134500
5,833,833,1,326,1954,1,833,4,Detchd,90.0,OldTown,117000
8,1734,1734,3,928,2007,2,1734,7,Attchd,93.0,NridgHt,318000
8,1419,408,2,527,2002,2,779,7,BuiltIn,,Gilbert,184100
5,894,894,2,450,1967,1,894,5,Attchd,57.0,Sawyer,130000
5,1601,533,1,300,1958,1,1021,6,BuiltIn,85.0,Sawyer,140000
5,1040,1040,1,286,1959,1,1040,6,Attchd,70.0,NAmes,133700
6,1012,1012,1,308,1920,1,1012,6,Detchd,59.0,IDOTRR,118400
7,1552,1552,3,782,2005,2,1552,7,Attchd,84.0,CollgCr,212900
4,960,672,1,288,1956,1,960,5,Basment,,Edwards,112000
5,698,698,0,0,1947,1,698,4,,50.0,Edwards,118000
7,1482,384,2,392,1992,2,812,7,Attchd,,Gilbert,163900
4,1005,1005,2,672,1955,1,1005,5,Detchd,60.0,NAmes,115000
7,1555,1373,3,660,2007,2,1555,7,Attchd,53.0,Blmngtn,174000
7,1530,1530,3,630,2004,2,1530,7,Attchd,182.0,Gilbert,259000
7,1959,847,2,434,2004,2,847,8,BuiltIn,59.0,Gilbert,215000
5,936,936,2,672,1980,1,936,4,Detchd,60.0,OldTown,140000
4,1981,1122,2,576,1928,2,1328,7,Detchd,65.0,SWISU,135000
5,974,974,0,0,1991,1,974,5,,63.0,Mitchel,93500
6,2210,1008,1,205,1880,2,1178,8,Detchd,90.0,OldTown,117500
8,2020,1128,2,466,1995,2,1142,8,Attchd,80.0,SawyerW,239500
6,1600,916,2,460,1997,2,916,7,Attchd,57.0,Gilbert,169000
6,986,960,1,180,1926,1,986,5,Detchd,60.0,BrkSide,102000
6,1252,1032,1,288,1950,1,1032,6,Attchd,80.0,NAmes,119000
5,1020,780,0,0,1875,1,780,6,,54.0,Sawyer,94000
6,1567,1567,2,714,1977,2,1567,5,Attchd,,Mitchel,196000
5,1167,915,2,495,1920,1,1167,6,Detchd,98.0,BrkSide,144000
5,952,952,2,840,1951,1,952,4,Detchd,60.0,NAmes,139000
5,1868,780,2,484,1976,2,1088,9,Attchd,,NWAmes,197500
8,2828,1466,3,1052,2006,3,1466,11,BuiltIn,77.0,CollgCr,424870
5,1006,1006,0,0,1959,1,1006,5,,,Sawyer,80000
4,924,672,1,280,1941,1,672,5,Detchd,60.0,Edwards,80000
5,1576,1042,1,225,1928,1,1042,8,Detchd,52.0,BrkSide,149000
6,1298,1298,2,403,1985,2,1298,5,Attchd,,SawyerW,180000
7,1564,704,1,234,1941,1,860,7,Attchd,75.0,Crawfor,174500
7,1111,572,1,288,1926,1,572,5,Detchd,,OldTown,116900
7,1482,650,2,324,1920,1,832,7,Detchd,50.0,OldTown,143000
6,932,932,1,306,1950,1,932,4,Attchd,57.0,NAmes,124000
5,1466,1466,2,528,1959,1,1466,6,Attchd,134.0,Edwards,149900
6,1811,1073,2,470,1956,1,1811,6,Attchd,90.0,Crawfor,230000
6,816,816,1,432,1930,1,816,5,Detchd,,IDOTRR,120500
7,1820,864,2,492,1965,1,902,8,Attchd,,NAmes,201800
5,1437,1437,2,528,1976,2,1437,6,Attchd,90.0,Veenker,218000
5,1265,1219,2,502,1965,2,1265,6,Attchd,85.0,NAmes,179900
7,1314,1314,2,626,2007,2,1314,6,Attchd,34.0,NridgHt,230000
8,1580,1580,3,830,2007,2,1580,7,Attchd,92.0,Somerst,235128
6,1876,901,2,540,1974,2,943,8,Attchd,76.0,NWAmes,185000
6,1456,855,2,440,1978,2,855,7,Attchd,24.0,NPkVill,146000
6,1640,1296,2,924,1954,1,1640,7,Detchd,,Crawfor,224000
5,894,894,2,450,1968,1,894,5,Attchd,109.0,Sawyer,129000
4,1258,1198,2,400,1969,0,1258,6,CarPort,60.0,Sawyer,108959
5,1432,1360,2,588,1978,1,1432,5,Attchd,,Veenker,194000
7,1502,1502,2,644,2009,2,1502,7,Attchd,79.0,NridgHt,233170
8,1694,1694,3,776,2008,2,1694,7,Attchd,64.0,CollgCr,245350
6,1671,959,2,472,2000,2,959,7,Attchd,58.0,Gilbert,173000
6,2108,1127,2,540,1935,2,1236,7,Basment,120.0,Edwards,235000
10,3627,1930,3,807,1995,3,1831,10,Attchd,118.0,NoRidge,625000
6,1118,1096,1,358,1977,1,1118,6,Attchd,76.0,Mitchel,171000
6,1261,1261,2,433,1958,1,1261,6,Attchd,76.0,NAmes,163000
7,1250,625,2,625,2006,2,625,5,Detchd,35.0,Somerst,171900
5,3086,1598,0,0,1946,3,1636,12,,138.0,ClearCr,200500
6,2345,952,2,360,1932,2,1170,9,Detchd,80.0,Crawfor,239000
8,2872,1683,2,541,1992,2,2129,9,Attchd,85.0,NoRidge,285000
5,923,876,1,264,1984,1,923,5,Attchd,37.0,Mitchel,119500
6,1224,818,1,210,1926,1,818,5,Detchd,,OldTown,115000
5,1343,731,1,186,1921,1,820,7,Detchd,54.0,Crawfor,154900
5,1124,0,0,0,1954,1,1124,5,,77.0,Edwards,93000
7,2514,1216,2,693,1990,2,1298,8,Attchd,,Timber,250000
8,1652,1600,2,482,2008,2,1652,5,Attchd,64.0,Crawfor,392500
10,4476,2396,3,813,1996,3,2411,10,Attchd,160.0,NoRidge,745000
5,1130,1120,2,720,1920,1,1130,5,Detchd,60.0,OldTown,120000
5,1572,1572,3,995,1963,1,1572,5,2Types,50.0,Timber,186700
5,1221,784,1,392,1924,1,949,7,Attchd,60.0,Edwards,104900
3,1699,978,2,420,1900,2,1014,7,CarPort,107.0,OldTown,95000
8,1624,1624,3,757,1994,2,1624,5,Attchd,89.0,NoRidge,262000
7,1660,831,2,493,2002,2,831,7,Attchd,68.0,CollgCr,195000
7,1804,994,2,442,1999,2,1028,7,Attchd,60.0,Gilbert,189000
4,1622,1249,4,1356,1961,1,1622,7,2Types,,Mitchel,168000
8,1441,776,2,492,1999,2,764,5,Detchd,24.0,Somerst,174000
5,1472,702,1,250,1925,1,842,6,Detchd,60.0,OldTown,125000
6,1224,1224,2,402,1999,2,1224,5,Attchd,,Mitchel,165000
6,1352,663,1,299,1969,1,663,7,Attchd,80.0,Sawyer,158000
6,1456,728,2,400,2005,2,728,8,Attchd,51.0,Gilbert,176000
7,1863,879,3,660,2006,2,879,9,BuiltIn,58.0,Gilbert,219210
7,1690,815,1,225,1916,1,815,7,Detchd,65.0,OldTown,144000
7,1212,1212,2,573,2001,2,1212,6,Attchd,70.0,CollgCr,178000
4,1382,1051,2,459,1963,1,1382,6,Attchd,75.0,Sawyer,148000
4,864,864,1,280,1970,1,864,5,Attchd,71.0,NAmes,116050
7,1779,866,2,546,1998,2,866,6,Attchd,80.0,CollgCr,197900
5,1348,884,1,216,1925,1,884,5,Detchd,50.0,BrkSide,117000
7,1630,1630,2,451,2000,2,1630,6,Attchd,75.0,CollgCr,213000
5,1074,1056,2,495,1975,1,1074,6,Attchd,78.0,NWAmes,153500
7,2196,2158,3,701,1990,2,2196,7,Attchd,90.0,SawyerW,271900
4,1056,1056,1,384,1966,1,1056,5,Detchd,,SawyerW,107000
6,1700,1682,2,544,2003,2,1700,7,Attchd,70.0,CollgCr,200000
5,1283,931,2,506,1962,1,1283,6,Detchd,70.0,NAmes,140000
8,1660,1660,2,500,2006,2,1660,8,Attchd,85.0,Somerst,290000
6,1845,1055,2,462,1992,2,1055,8,Attchd,70.0,SawyerW,189000
8,1752,559,2,492,1988,2,1080,8,Basment,152.0,Gilbert,164000
4,672,672,1,234,1941,1,672,4,Attchd,50.0,Edwards,113000
4,960,648,1,364,1965,0,960,3,Attchd,,Sawyer,145000
5,999,925,1,300,1962,1,999,6,Attchd,69.0,NAmes,134500
5,894,894,1,384,1966,1,894,5,Detchd,99.0,Sawyer,125000
6,1902,0,2,539,1978,2,1318,8,Attchd,68.0,Sawyer,112000
8,1314,1300,2,552,2009,2,1314,6,Attchd,72.0,Somerst,229456
4,912,0,0,0,1947,1,672,3,,52.0,BrkSide,80500
6,1218,672,0,0,1971,1,672,7,,21.0,BrDale,91500
5,912,912,1,288,1964,1,912,5,Attchd,66.0,NAmes,115000
5,1211,952,1,322,1968,1,1211,5,Attchd,55.0,Sawyer,134000
6,1846,1040,1,315,1949,2,1168,7,Attchd,78.0,NAmes,143000
5,2136,2136,2,528,1951,2,2136,7,Detchd,89.0,NAmes,137900
7,1490,788,2,388,2004,2,788,8,Attchd,60.0,Gilbert,184000
6,1138,588,1,264,1958,1,1138,6,Attchd,65.0,NAmes,145000
6,1933,894,3,668,2007,2,894,9,BuiltIn,86.0,Somerst,214000
5,912,912,2,576,1965,1,912,5,Detchd,72.0,NAmes,147000
9,1702,1702,3,1052,2008,1,1702,7,Attchd,65.0,NridgHt,367294
5,1507,1075,1,404,1960,2,1507,7,Basment,70.0,NAmes,127000
5,2620,1361,2,600,1977,2,1361,12,BuiltIn,,Sawyer,190000
5,1190,1106,2,540,1962,1,1190,6,Attchd,70.0,NAmes,132500
4,1224,0,2,462,1962,2,1224,6,CarPort,70.0,NAmes,101800
5,1188,1188,2,531,1959,1,1188,6,Attchd,,NAmes,142000
5,1964,940,0,0,1911,1,1024,7,,55.0,SWISU,130000
5,1784,747,1,180,1914,1,892,9,Detchd,96.0,Crawfor,138887
7,1626,764,2,474,2003,2,764,6,BuiltIn,36.0,NridgHt,175500
7,1948,847,2,434,2004,2,847,8,BuiltIn,41.0,CollgCr,195000
6,1141,1141,2,484,2005,1,1141,6,Detchd,63.0,SawyerW,142500
8,1484,1476,2,472,2006,2,1484,6,Attchd,64.0,Timber,265900
7,1768,884,2,543,2003,2,884,8,Attchd,65.0,CollgCr,224900
7,1689,1689,3,954,2007,2,1689,7,Attchd,83.0,Somerst,248328
7,1173,1053,2,528,1974,2,1173,6,Attchd,85.0,NWAmes,170000
10,2076,2076,3,850,2006,2,2076,7,Attchd,107.0,NridgHt,465000
8,1517,792,2,400,1929,1,792,7,Detchd,,Crawfor,230000
6,1868,585,2,477,1984,3,1140,7,BuiltIn,78.0,NWAmes,178000
7,1553,756,2,615,2005,2,756,6,Attchd,65.0,Somerst,186500
6,1034,1012,3,888,1976,1,1034,6,Attchd,,Mitchel,169900
6,2058,735,2,396,1917,1,1134,8,Detchd,60.0,OldTown,129500
5,988,876,1,276,1950,1,988,6,Attchd,60.0,NAmes,119000
7,2110,2110,2,522,1968,2,2110,8,Attchd,93.0,NAmes,244000
7,1405,1405,2,478,2003,2,1405,6,Attchd,,NridgHt,171750
5,874,864,1,288,1968,1,874,5,Attchd,62.0,Mitchel,130000
7,2167,1192,2,518,1974,2,1516,9,Attchd,,Veenker,294000
7,1656,746,2,397,2003,2,760,7,BuiltIn,60.0,Edwards,165400
6,1367,884,1,560,1931,1,959,6,Detchd,52.0,BrkSide,127500
8,1987,1986,2,691,1994,2,1987,7,Attchd,91.0,NoRidge,301500
5,864,864,0,0,1922,1,864,4,,56.0,Edwards,99900
7,1166,856,2,400,2005,2,1166,5,Attchd,59.0,Gilbert,190000
6,1054,1054,2,460,1969,1,1054,6,Attchd,65.0,NAmes,151000
6,1675,841,2,502,1999,2,892,7,BuiltIn,,Gilbert,181000
5,1050,1050,1,338,1956,1,1050,5,Attchd,80.0,NAmes,128900
4,1788,1104,1,304,1957,1,1104,8,Attchd,,ClearCr,161500
6,1824,764,2,520,1919,1,1060,8,Detchd,60.0,BrkSide,180500
6,1337,1405,2,511,1998,2,1337,5,Attchd,34.0,NAmes,181000
7,1452,691,2,506,1999,2,713,6,Detchd,35.0,Somerst,183900
7,1889,925,1,308,1910,1,964,9,Detchd,60.0,OldTown,122000
9,2018,2002,3,746,2008,2,2018,10,Attchd,89.0,Timber,378500
8,3447,728,3,1014,1935,3,1968,11,BuiltIn,,Crawfor,381000
5,1524,874,1,315,1958,1,874,7,Attchd,78.0,NAmes,144000
7,1524,1332,2,586,1979,0,1332,4,Attchd,,ClearCr,260000
6,1489,1489,2,462,1968,2,1489,7,Attchd,,NWAmes,185750
5,935,935,1,288,1965,1,935,5,Attchd,,Sawyer,137000
6,1357,1019,1,312,1959,1,1357,5,Basment,124.0,Edwards,177000
5,1250,661,2,552,1910,2,661,8,Detchd,53.0,Crawfor,139000
5,1920,928,2,400,1948,2,928,10,Detchd,95.0,NAmes,137000
6,1395,723,2,497,1972,1,735,6,Attchd,,NWAmes,162000
6,1724,1680,2,480,1967,1,1724,7,Attchd,,NWAmes,197900
8,2031,1128,2,577,2002,2,1128,7,Attchd,75.0,CollgCr,237000
4,1128,698,2,528,1920,1,698,6,Detchd,60.0,IDOTRR,68400
7,1573,1573,2,544,2002,2,1573,6,Attchd,67.0,CollgCr,227000
7,1339,1309,2,484,1990,2,1339,6,Attchd,50.0,Timber,180000
5,1040,1040,2,484,1977,2,1040,5,Detchd,61.0,CollgCr,150500
6,1824,912,0,0,1971,2,912,8,,94.0,Mitchel,139000
6,2447,804,1,336,1919,2,1699,10,Detchd,50.0,SWISU,169000
6,1412,780,1,280,1939,1,825,6,Detchd,50.0,BrkSide,132500
6,1328,1328,2,528,1963,1,1328,6,Attchd,,NWAmes,143000
5,1582,1624,2,390,1964,2,1582,7,Attchd,,ClearCr,190000
8,1659,1501,2,499,2000,2,1659,5,Attchd,40.0,StoneBr,278000
8,1970,1085,3,753,2006,2,1120,8,BuiltIn,86.0,NridgHt,281000
5,1152,1152,2,484,1964,1,1152,6,Attchd,,NAmes,180500
5,1302,630,1,264,1972,2,630,6,Detchd,21.0,BrDale,119500
5,2372,994,1,432,1892,2,1378,11,Attchd,60.0,OldTown,107500
7,1664,832,2,528,1976,2,832,8,Attchd,78.0,NWAmes,162900
5,864,864,2,572,1955,1,864,5,Detchd,60.0,Edwards,115000
5,1052,1052,1,288,1968,1,1052,5,Attchd,70.0,NAmes,138500
5,1128,1120,2,525,1963,2,1128,6,Attchd,80.0,NAmes,155000
6,1072,547,2,525,2005,2,1072,5,Basment,35.0,Edwards,140000
10,5642,6110,2,1418,2008,2,4692,12,Attchd,313.0,Edwards,160000
5,1246,1246,1,305,1959,1,1246,6,Attchd,75.0,NAmes,154000
7,1983,978,2,490,1999,2,1005,9,Attchd,,Gilbert,225000
6,1494,771,1,213,1942,1,753,7,Attchd,,Crawfor,177500
8,2526,1165,3,844,1994,2,1203,8,Attchd,92.0,NoRidge,290000
7,1616,1616,3,834,2005,2,1616,7,Attchd,73.0,Somerst,232000
7,1708,976,2,380,2004,2,976,7,Detchd,32.0,Edwards,130000
9,1652,1652,2,840,2006,2,1652,6,Attchd,108.0,NridgHt,325000
7,1368,1368,2,474,2005,2,1368,6,Attchd,48.0,NridgHt,202500
5,990,990,2,480,1994,1,990,5,Detchd,60.0,CollgCr,138000
5,1122,924,2,528,1948,1,1122,6,Attchd,100.0,OldTown,147000
6,1294,1278,2,496,1991,2,1294,6,Attchd,,SawyerW,179200
7,1902,1902,2,567,1959,2,1902,7,Attchd,100.0,Crawfor,335000
7,1274,1274,2,508,2005,2,1274,6,Attchd,68.0,CollgCr,203000
8,2810,1453,2,750,1990,2,1453,9,Attchd,,NoRidge,302000
9,2599,1393,3,779,1999,2,1422,10,BuiltIn,108.0,NoRidge,333168
4,948,948,1,280,1954,1,948,5,Detchd,60.0,Edwards,119000
6,2112,952,2,576,1969,2,1092,9,Attchd,85.0,NAmes,206900
8,1630,1622,3,860,2008,2,1630,8,Attchd,61.0,CollgCr,295493
7,1352,1352,2,466,2006,2,1352,5,Attchd,47.0,Somerst,208900
8,1787,1753,3,748,2001,2,1787,7,Attchd,,CollgCr,275000
4,948,864,1,248,1954,1,948,5,Attchd,75.0,Edwards,111000
6,1478,1478,2,442,1957,1,1478,6,Attchd,70.0,NAmes,156500
3,720,0,1,287,1949,1,720,4,Detchd,,BrkSide,72500
7,1923,750,2,564,1992,2,1061,8,Attchd,107.0,NoRidge,190000
4,708,420,0,0,1940,1,708,5,,50.0,BrkSide,82500
8,1795,1795,3,895,2006,2,1795,7,Attchd,75.0,Somerst,147000
4,796,796,0,0,1922,1,796,5,,40.0,IDOTRR,55000
3,774,544,0,0,1931,1,774,6,,70.0,Edwards,79000
5,816,816,1,264,1982,1,816,5,Attchd,60.0,Mitchel,130500
6,2792,1510,2,520,1920,2,1584,8,Detchd,60.0,OldTown,256000
7,1632,935,2,462,1998,2,955,8,Attchd,63.0,Gilbert,176500
8,1588,1588,3,825,2006,2,1588,7,Attchd,85.0,Somerst,227000
5,954,911,2,576,1976,1,954,6,Detchd,55.0,CollgCr,132500
4,816,816,1,288,1938,1,816,3,Detchd,67.0,Edwards,100000
5,1360,803,1,297,1938,1,803,6,Detchd,60.0,IDOTRR,125500
5,1365,765,2,440,1970,1,765,7,Attchd,24.0,BrDale,125000
6,1334,1350,2,630,1977,2,1334,6,Attchd,80.0,NWAmes,167900
5,1656,1656,2,506,1973,2,1656,8,Detchd,87.0,NWAmes,135000
4,693,693,0,0,1941,1,693,4,,153.0,OldTown,52500
7,1861,916,2,492,2002,2,920,8,BuiltIn,95.0,CollgCr,200000
5,864,864,1,288,1972,1,864,5,Attchd,120.0,CollgCr,128500
4,872,858,4,480,1971,1,872,5,Detchd,70.0,NAmes,123000
6,1114,1114,2,576,2003,1,1114,6,Detchd,66.0,SawyerW,155000
8,2169,1284,2,647,2002,2,1284,7,Attchd,,CollgCr,228500
6,1913,896,2,342,1928,1,1172,9,Detchd,57.0,Crawfor,177000
7,1456,728,2,440,2006,2,728,8,Attchd,85.0,CollgCr,155835
4,960,960,1,308,1920,1,960,5,Detchd,50.0,OldTown,108500
7,2156,1568,2,508,1968,2,2156,9,Attchd,,NWAmes,262500
8,1776,1732,3,712,2006,2,1776,7,Attchd,93.0,Timber,283463
7,1494,1482,2,514,1998,2,1494,5,Attchd,,SawyerW,215000
8,2358,684,0,0,1872,2,938,8,,50.0,OldTown,122000
5,2634,1248,4,968,1969,2,1338,12,Detchd,91.0,NAmes,200000
6,1716,858,2,490,1962,1,858,8,Attchd,70.0,NAmes,171000
6,1176,698,2,624,1937,1,786,4,Detchd,50.0,BrkSide,134900
8,3238,2033,3,666,1995,2,2053,9,Attchd,56.0,NoRidge,410000
7,1865,992,3,839,2000,2,992,7,Attchd,,CollgCr,235000
7,1920,570,2,487,1968,3,1222,8,Attchd,102.0,NWAmes,170000
5,892,864,1,264,1966,1,892,5,Attchd,,NAmes,110000
5,1078,1078,2,500,1971,1,1078,6,Attchd,,NAmes,149900
6,1573,756,2,440,2000,2,769,5,Detchd,,Somerst,177500
9,1980,1980,3,770,2004,2,1980,8,Attchd,129.0,NridgHt,315000
5,2601,612,2,621,1921,3,990,8,BuiltIn,51.0,SWISU,189000
7,1530,1530,2,430,2005,2,1530,7,Attchd,124.0,StoneBr,260000
4,1738,715,1,368,1920,2,1281,7,Attchd,,NAmes,104900
6,1412,616,2,432,2006,2,616,6,BuiltIn,73.0,Gilbert,156932
7,1200,600,2,480,2005,2,520,4,Detchd,30.0,Somerst,144152
7,1674,814,2,663,2000,2,814,7,Attchd,,Somerst,216000
7,1790,873,2,588,1999,2,882,7,Attchd,68.0,CollgCr,193000
5,1475,757,1,336,1977,2,925,6,Attchd,41.0,MeadowV,127000
6,848,848,2,420,2003,1,848,4,Attchd,,CollgCr,144000
8,1668,1657,2,502,2003,2,1668,8,Attchd,48.0,CollgCr,232000
4,1374,840,1,338,1920,1,840,6,Detchd,90.0,OldTown,105000
6,1661,992,1,377,1955,1,1661,8,BuiltIn,80.0,NAmes,165500
7,2097,1108,2,583,1998,2,1108,8,Detchd,75.0,CollgCr,274300
10,2633,2633,3,804,2001,2,2633,8,Attchd,,NoRidge,466500
7,1958,1026,3,936,2005,2,1026,9,Attchd,85.0,Somerst,250000
8,1571,1571,3,722,2007,2,1571,7,Attchd,89.0,Timber,239000
6,790,768,1,160,1930,1,790,4,Detchd,52.0,SWISU,91000
5,1604,984,2,660,1941,2,984,6,Detchd,60.0,Edwards,117000
6,987,483,1,264,1973,1,483,5,Detchd,21.0,BrDale,83000
5,1394,384,2,400,2006,2,754,7,BuiltIn,73.0,Timber,167500
3,864,864,1,200,1914,1,864,5,Detchd,45.0,Edwards,58500
6,2117,1205,2,550,1970,2,2117,7,Attchd,,NAmes,237500
7,1762,596,2,576,1920,1,998,8,Detchd,60.0,OldTown,157000
5,1416,816,2,576,1918,2,1416,7,Attchd,,Sawyer,112000
6,1258,560,1,280,1939,1,698,6,Detchd,60.0,Edwards,105000
4,1154,796,1,240,1922,1,796,7,Detchd,40.0,IDOTRR,125500
7,2784,1392,2,564,1978,3,1392,12,Attchd,80.0,NWAmes,250000
6,2526,714,1,216,1916,2,1664,10,Detchd,60.0,OldTown,136000
9,1746,1746,3,758,2006,2,1746,7,Attchd,42.0,Gilbert,377500
6,1218,735,2,440,1941,1,869,6,Detchd,60.0,BrkSide,131000
7,1525,1525,2,541,2000,2,1525,6,Attchd,70.0,CollgCr,235000
5,1584,1584,3,792,1967,2,1584,8,Detchd,65.0,NAmes,124000
5,900,864,1,288,1967,1,900,6,Attchd,68.0,NAmes,123000
6,1912,482,2,672,1905,2,1221,7,Detchd,60.0,OldTown,163000
7,1500,1356,3,648,2006,2,1500,6,Attchd,53.0,Blmngtn,246578
8,2482,1094,3,642,2005,2,1133,9,BuiltIn,88.0,Timber,281213
5,1687,747,2,572,1948,1,1687,7,Detchd,,Timber,160000
5,1513,939,1,180,1920,1,939,8,Detchd,51.0,BrkSide,137500
5,1904,1208,1,240,1950,1,1136,7,Attchd,60.0,NAmes,138000
6,1608,976,1,216,1925,2,1160,7,Detchd,51.0,SWISU,137450
6,1158,862,1,208,1929,1,950,5,BuiltIn,50.0,BrkSide,120000
6,1593,839,2,398,2004,2,864,8,Attchd,62.0,Gilbert,193000
7,1294,1286,2,662,2006,2,1294,6,Attchd,64.0,CollgCr,193879
8,1464,1485,3,754,2007,2,1464,6,Attchd,49.0,Somerst,282922
3,1214,672,3,936,1915,1,694,6,Detchd,60.0,OldTown,105000
8,1646,1594,2,482,2004,2,1646,5,Attchd,44.0,Crawfor,275000
5,768,768,2,396,1972,1,768,5,Detchd,70.0,CollgCr,133000
5,833,833,0,0,1985,1,833,5,,,Mitchel,112000
4,1363,622,2,528,1910,1,741,6,Detchd,60.0,OldTown,125500
7,2093,791,2,542,1986,2,1236,7,Attchd,46.0,NWAmes,215000
7,1840,944,2,622,2001,2,944,6,Attchd,79.0,CollgCr,230000
6,1668,856,1,271,1950,1,1112,6,Attchd,80.0,NAmes,140000
4,1040,0,2,420,1949,2,1040,6,Detchd,60.0,NAmes,90000
8,1844,1844,2,620,2005,2,1844,7,Attchd,88.0,SawyerW,257000
6,1848,833,2,370,1923,1,1053,8,Detchd,64.0,BrkSide,207000
7,1569,1386,3,660,2007,2,1569,7,Attchd,51.0,Blmngtn,175900
4,2290,777,2,560,1885,2,1246,11,Detchd,60.0,OldTown,122500
8,2450,1284,3,1069,1998,2,1310,7,Attchd,,NoRidge,340000
5,1144,1144,1,336,1963,1,1144,6,Detchd,71.0,NAmes,124000
6,1844,1844,2,540,1969,2,1844,7,Attchd,,Crawfor,223000
6,1416,708,2,776,1968,2,708,7,Attchd,90.0,NWAmes,179900
6,1069,1069,2,440,1977,2,1069,4,Attchd,53.0,NPkVill,127500
6,848,848,2,420,2003,1,848,3,Attchd,37.0,CollgCr,136500
6,2201,697,2,432,1966,2,1575,8,Attchd,,Edwards,274970
5,1344,1024,1,484,1958,1,1344,6,Detchd,,NAmes,144000
6,1252,1252,2,528,1959,1,1252,7,Detchd,80.0,NAmes,142000
7,2127,1223,2,525,1994,2,1223,5,Attchd,81.0,NoRidge,271000
5,1558,913,1,288,1945,1,1048,6,Attchd,60.0,NAmes,140000
5,804,788,1,240,1940,1,804,4,Attchd,60.0,OldTown,119000
6,1440,1440,2,467,1981,2,1440,7,Attchd,,NWAmes,182900
5,1838,732,2,372,2005,2,734,7,BuiltIn,60.0,Gilbert,192140
6,958,958,2,440,1976,2,958,5,Attchd,,NPkVill,143750
4,968,656,1,216,1927,2,968,5,Detchd,60.0,OldTown,64500
6,1792,936,2,451,2000,2,962,8,Attchd,93.0,Gilbert,186500
5,1126,1126,2,484,1977,2,1126,5,Attchd,80.0,Mitchel,160000
6,1537,1319,2,462,1962,1,1537,7,Attchd,80.0,NAmes,174000
4,864,864,2,528,1971,1,864,5,Detchd,60.0,NAmes,120500
8,1932,1932,3,774,2008,2,1932,7,Attchd,96.0,NridgHt,394617
6,1236,912,2,923,1957,1,1236,6,Attchd,90.0,OldTown,149700
7,1725,539,2,550,1979,2,1040,6,Attchd,80.0,NWAmes,197000
6,2555,588,2,672,1922,2,1423,11,Detchd,79.0,Crawfor,191000
6,848,848,2,420,2004,1,848,3,Attchd,,CollgCr,149300
10,2007,1017,3,812,2008,2,1026,10,Attchd,85.0,Somerst,310000
6,952,952,1,192,1916,1,952,4,Detchd,,BrkSide,121000
7,1422,1422,2,626,2004,2,1422,7,Attchd,63.0,CollgCr,179600
6,913,814,1,240,1966,1,913,6,Detchd,70.0,Sawyer,129000
5,1188,1188,1,312,1962,1,1188,6,Attchd,,Mitchel,157900
8,2090,1220,2,556,1995,2,1220,8,Attchd,80.0,CollgCr,240000
4,1346,560,1,384,1910,1,796,6,Detchd,70.0,Edwards,112000
5,630,630,0,0,1970,1,630,3,,21.0,MeadowV,92000
5,1792,896,0,0,1974,2,896,8,,60.0,NAmes,136000
8,1578,1573,3,840,2008,2,1578,7,Attchd,78.0,Somerst,287090
5,1072,547,2,525,2005,1,1072,5,Basment,35.0,Edwards,145000
5,1140,1140,0,0,2006,1,1140,6,,90.0,Mitchel,84500
7,1221,1221,2,400,2004,2,1221,6,Attchd,62.0,Somerst,185000
6,1647,953,2,460,1999,2,953,7,Attchd,62.0,Gilbert,175000
6,2073,1542,2,500,1978,2,2073,7,Attchd,85.0,NWAmes,210000
7,2340,1152,1,252,1941,2,1188,9,Attchd,66.0,Crawfor,266500
5,1078,1078,1,240,1950,1,1078,5,Attchd,68.0,NAmes,142125
5,1256,1256,1,276,1965,1,1256,6,Attchd,75.0,Edwards,147500
